ALLOCATION_A,ALLOCATION_B,HOME_TPPS_ID,HOME_OPPS_ID
Brew0,Anywhere,37,0
Brew0490,Anywhere,38,0
Brew0590,Anywhere,39,0
Brew0690,Anywhere,40,0
Brew0890,Anywhere,41,0
Brew1190,Anywhere,42,0
Brew1380,Anywhere,43,0
Brew1490,Anywhere,44,0
CDMA Roaming,Anywhere,0,661
France,2nd014,0,0
France,2nd014_SP1,0,0
France,3rd014_France,0,0
France,Pelephone,0,0
France,Voice Bezeq,0,0
Fundial_D,Anywhere,1465,0
Fundial_M1,Anywhere,1466,0
Fundial_M2,Anywhere,1467,0
Fundial_M3,Anywhere,1468,0
Fundial_M4,Anywhere,4462,0
GPRS_LOCATION,Anywhere,1541,1541
GREECE,2nd014,0,0
GREECE,Israel_Roaming,0,1441
GREECE,Pelephone,0,0
GREECE,Voice Bezeq,0,0
GREECE,Voice Cellcom,0,0
GREECE,Voice Partner,0,0
Italy,2nd014,0,0
Italy,Pelephone,0,0
Italy,Voice Bezeq,0,0
Jordan,Pelephone,0,1264
Jordan,Voice Bezeq,0,0
MO_SMS,FreeCall,0,53
MO_SMS,ICQ-555,0,50
MO_SMS,Phil-SMS_Phil,0,114
MO_SMS,SMS_APP,109,109
MO_SMS,SMS_APP_0,423,423
MO_SMS,SMS_APP_2,424,424
MO_SMS,SMS_APP_69,0,425
MO_SMS,SMS_Bezeq,426,426
MO_SMS,SMS_Facetime,0,5381
MO_SMS,SMS_Int,0,422
MO_SMS,SMS_Jawwal,0,901
MO_SMS,SMS_OTHER,110,110
MO_SMS,SMS_PELE,111,111
MO_SMS,SMS_THAILAND,0,4421
MO_SMS,SMS_VATANIA,0,1821
MO_SMS,Voice Bezeq,0,53
MO_SMS,Voice Cellcom,0,53
MO_SMS,Voice Mirs,0,53
MO_SMS,Voice Partner,0,53
Pelephone,01220_Egypt,0,1541
Pelephone,1263,0,521
Pelephone,01266_Thailand,0,1081
Pelephone,1286,0,522
Pelephone,012961_Lebanon,0,1542
Pelephone,012962_Jordan,0,1543
Pelephone,012966_Saudi_Arab,0,1544
Pelephone,12977,0,523
Pelephone,012_AFGHANISTAN,0,1841
Pelephone,012_ALASKA,0,1842
Pelephone,012_ALBANIA,0,1843
Pelephone,012_ALBANIA_MOBILE,0,1844
Pelephone,012_ALGERIA,0,1845
Pelephone,012_ALGERIA_MOBILE,0,1846
Pelephone,012_AMERICAN_SAMOA,0,1847
Pelephone,012_ANDORRA,0,1848
Pelephone,012_ANDORRA_MOBILE,0,1849
Pelephone,012_ANGOLA,0,1850
Pelephone,012_ANGOLA_MOBILE,0,1851
Pelephone,012_ANGUILLA,0,1852
Pelephone,012_ANTARCTICA,0,1853
Pelephone,012_ANTIGUA_BARBUDA,0,1854
Pelephone,012_ARGENTINA,0,1855
Pelephone,012_ARGENTINA_MOBILE,0,1856
Pelephone,012_ARMENIA,0,1857
Pelephone,012_ARMENIA_MOBILE,0,1858
Pelephone,012_ARUBA,0,1859
Pelephone,012_ASCENSION,0,1860
Pelephone,012_AUSTRALIA,0,1861
Pelephone,012_AUSTRALIA_MOBILE,0,1862
Pelephone,012_AUSTRIA,0,1863
Pelephone,012_AUSTRIA_MOBILE,0,1864
Pelephone,012_AZERBAIJAN,0,1865
Pelephone,012_AZERBAIJAN_MOBILE,0,1866
Pelephone,012_BAHAMAS,0,1867
Pelephone,012_BAHRAIN,0,1868
Pelephone,012_BAHRAIN_MOBILE,0,1869
Pelephone,012_BANGLADESH,0,1870
Pelephone,012_BARBADOS,0,1871
Pelephone,012_BELARUS,0,1872
Pelephone,012_BELARUS_MOBILE,0,1873
Pelephone,012_BELGIUM,0,1874
Pelephone,012_BELGIUM_MOBILE,0,1875
Pelephone,012_BELIZE_,0,1876
Pelephone,012_BELIZE_MOBILE,0,1877
Pelephone,012_BENIN,0,1878
Pelephone,012_BERMUDA,0,1879
Pelephone,012_BHUTAN,0,1880
Pelephone,012_BOLIVIA,0,1881
Pelephone,012_BOLIVIA_MOBILE,0,1882
Pelephone,012_BOSNIA_HERZ,0,1883
Pelephone,012_BOSNIA_HERZ_MOBILE,0,1884
Pelephone,012_BOTSWANA,0,1885
Pelephone,012_BOTSWANA_MOBILE,0,1886
Pelephone,012_BRAZIL,0,1887
Pelephone,012_BRAZIL_MOBILE,0,1888
Pelephone,012_BRUNEI_DARUSSAL,0,1889
Pelephone,012_BULGARIA,0,1890
Pelephone,012_BULGARIA_MOBILE,0,1891
Pelephone,012_BURKINA_FASO,0,1892
Pelephone,012_BURUNDI,0,1893
Pelephone,012_CAMBODIA,0,1894
Pelephone,012_CAMEROON,0,1895
Pelephone,012_CAMEROON_MOBILE,0,1896
Pelephone,012_CANADA,0,4741
Pelephone,012_CAPE_VERDE,0,1897
Pelephone,012_CAYMAN_ISL.,0,1898
Pelephone,012_CENTRAL_AFRICAN_REP,0,1899
Pelephone,012_CHAD,0,1900
Pelephone,012_CHILE,0,1901
Pelephone,012_CHILE_MOBILE,0,1902
Pelephone,012_CHINA,0,1903
Pelephone,012_CHINA_MOBILE,0,1904
Pelephone,012_CHRISTMAS ISL.,0,1905
Pelephone,012_COLOMBIA,0,1906
Pelephone,012_COLOMBIA_MOBILE,0,1907
Pelephone,012_COMOROS,0,1908
Pelephone,012_CONGO,0,1909
Pelephone,012_CONGO_MOBILE,0,1910
Pelephone,012_COOK_ISLANDS,0,1911
Pelephone,012_COSTA_RICA,0,1912
Pelephone,012_COSTA_RICA_MOBILE,0,1913
Pelephone,012_COTE_D'IVOIRE_,0,1914
Pelephone,012_COTE_D'IVOIRE_MOBILE,0,1915
Pelephone,012_CROATIA,0,1916
Pelephone,012_CROATIA_MOBILE,0,1917
Pelephone,012_CUBA,0,1918
Pelephone,012_CYPRUS,0,1919
Pelephone,012_CYPRUS_MOBILE,0,1920
Pelephone,012_CZECH_REPUBLIC,0,1921
Pelephone,012_CZECH_REPUBLIC_MOBIL,0,1922
Pelephone,012_DENMARK,0,1923
Pelephone,012_DENMARK_MOBILE,0,1924
Pelephone,012_DIEGO_GARCIA,0,1925
Pelephone,012_DJIBOUTI,0,1926
Pelephone,012_DOMINICAN_REPUBLIC,0,1928
Pelephone,012_DOMINICA_ISL.,0,1927
Pelephone,012_EAST_TIMOR,0,1929
Pelephone,012_ECUADOR,0,1930
Pelephone,012_ECUADOR_MOBILE,0,1931
Pelephone,012_EGYPT,0,1932
Pelephone,012_EGYPT_MOBILE,0,1933
Pelephone,012_EL_SALVADOR,0,1934
Pelephone,012_EL_SALVADOR_MOBILE,0,1935
Pelephone,012_EQUATORIAL_GUINEA,0,1936
Pelephone,012_ERITREA,0,1937
Pelephone,012_ERITREA_MOBILE,0,1938
Pelephone,012_ESTONIA,0,1939
Pelephone,012_ESTONIA_MOBILE,0,1940
Pelephone,012_ETHIOPIA,0,1941
Pelephone,012_ETHIOPIA_MOBILE,0,1942
Pelephone,012_FAEROE_ISLANDS,0,1943
Pelephone,012_FALKLAND_ISL,0,1944
Pelephone,012_FIJI,0,1945
Pelephone,012_FIJI_MOBILE,0,1946
Pelephone,012_FINLAND,0,1947
Pelephone,012_FINLAND_MOBILE,0,1948
Pelephone,012_FRANCE,0,1949
Pelephone,012_FRANCE_MOBILE,0,1950
Pelephone,012_FRENCH_GUYANA,0,1951
Pelephone,012_FRENCH_GUYANA_MOB,0,1952
Pelephone,012_FRENCH_POLINESIA,0,1953
Pelephone,012_GABON_REP,0,1954
Pelephone,012_GABON_REP_MOB,0,1955
Pelephone,012_GAMBIA,0,1956
Pelephone,012_GEORGIA,0,1957
Pelephone,012_GEORGIA_MOBILE,0,1958
Pelephone,012_GERMANY,0,1959
Pelephone,012_GERMANY_MOBILE,0,1960
Pelephone,012_GHANA,0,1961
Pelephone,012_GHANA_MOBILE,0,1962
Pelephone,012_GIBRALTAR,0,1963
Pelephone,012_GIBRALTAR_MOBILE,0,1964
Pelephone,012_GLOBALSTAR,0,1965
Pelephone,012_GREECE,0,1966
Pelephone,012_GREECE_MOBILE,0,1967
Pelephone,012_GREENLAND,0,1968
Pelephone,012_GRENADA,0,1969
Pelephone,012_GUADELOUPE,0,1970
Pelephone,012_GUADELOUPE_MOBILE,0,1971
Pelephone,012_GUAM,0,1972
Pelephone,012_GUATEMALA,0,1973
Pelephone,012_GUATEMALA_MOBILE,0,1974
Pelephone,012_GUINEA,0,1975
Pelephone,012_GUINEA_BISSAU,0,1976
Pelephone,012_GUYANA,0,1977
Pelephone,012_HAITI,0,1978
Pelephone,012_HONDURAS,0,1979
Pelephone,012_HONDURAS_MOBILE,0,1980
Pelephone,012_HONG KONG,0,1981
Pelephone,012_HONG KONG_MOBILE,0,1982
Pelephone,012_HUNGARY,0,1983
Pelephone,012_HUNGARY_MOBILE,0,1984
Pelephone,012_ICELANDS,0,1985
Pelephone,012_ICELANDS_MOBILE,0,1986
Pelephone,012_INDIA,0,1987
Pelephone,012_INDONESIA,0,1988
Pelephone,012_INDONESIA_MOBILE,0,1989
Pelephone,012_INMARSAT,0,1990
Pelephone,012_INT_NETWORKS_ONAIR,0,1991
Pelephone,012_IRAN,0,1992
Pelephone,012_IRAN_MOBILE,0,1993
Pelephone,012_IRAQ,0,1994
Pelephone,012_IRAQ_MOBILE,0,1995
Pelephone,012_IRELAND,0,1996
Pelephone,012_IRELAND_MOBILE,0,1997
Pelephone,012_IRIDIUM,0,1998
Pelephone,012_ITALY,0,1999
Pelephone,012_ITALY_ MOBILE,0,2000
Pelephone,012_JAMAICA,0,2001
Pelephone,012_JAMAICA_MOBILE,0,2002
Pelephone,012_JAPAN,0,2003
Pelephone,012_JAPAN_MOBILE,0,2004
Pelephone,012_JORDAN,0,2005
Pelephone,012_JORDAN_MOBILE,0,2006
Pelephone,012_KAZAKHSTAN,0,2007
Pelephone,012_KAZAKHSTAN_MOBILE,0,2008
Pelephone,012_KENYA,0,2009
Pelephone,012_KENYA_MOBILE,0,2010
Pelephone,012_KIRIBATI,0,2011
Pelephone,012_KOREA,0,2012
Pelephone,012_KOREA NORTH,0,2013
Pelephone,012_KOREA_MOBILE,0,2014
Pelephone,012_KUWAIT,0,2015
Pelephone,012_KUWAIT_MOBILE,0,2016
Pelephone,012_KYRGYZSTAN,0,2017
Pelephone,012_KYRGYZSTAN_MOBILE,0,2018
Pelephone,012_LAO_P.D.R,0,2019
Pelephone,012_LATVIA,0,2020
Pelephone,012_LATVIA_MOBILE,0,2021
Pelephone,012_LEBANON,0,2022
Pelephone,012_LEBANON_MOBILE,0,2023
Pelephone,012_LESOTHO,0,2024
Pelephone,012_LIBERIA,0,2025
Pelephone,012_LIBERIA_MOBILE,0,2026
Pelephone,012_LIBYA,0,2027
Pelephone,012_LIBYA_MOBILE,0,2028
Pelephone,012_LIECHTENSTEIN,0,2029
Pelephone,012_LIECHTENSTEIN_MOBILE,0,2030
Pelephone,012_LITHUANIA,0,2031
Pelephone,012_LITHUANIA_MOBILE,0,2032
Pelephone,012_LUXEMBURG,0,2033
Pelephone,012_LUXEMBURG_MOBILE,0,2034
Pelephone,012_MACAU,0,2035
Pelephone,012_MACAU_MOBILE,0,2036
Pelephone,012_MACEDONIA,0,2037
Pelephone,012_MACEDONIA_MOBILE,0,2038
Pelephone,012_MADAGASCAR,0,2039
Pelephone,012_MADAGASCAR_MOBILE,0,2040
Pelephone,012_MALAWI,0,2041
Pelephone,012_MALAWI_MOBILE,0,2042
Pelephone,012_MALAYSIA,0,2043
Pelephone,012_MALAYSIA_MOBILE,0,2044
Pelephone,012_MALDIVES,0,2045
Pelephone,012_MALDIVES_MOBILE,0,2046
Pelephone,012_MALI,0,2047
Pelephone,012_MALI_MOBILE,0,2048
Pelephone,012_MALTA,0,2049
Pelephone,012_MALTA_MOBILE,0,2050
Pelephone,012_MARIANA_ISLANDS,0,2051
Pelephone,012_MARSHALL_ISLANDS,0,2052
Pelephone,012_MARTINIQUE,0,2053
Pelephone,012_MARTINIQUE_MOBILE,0,2054
Pelephone,012_MAURITANIA,0,2055
Pelephone,012_MAURITIUS,0,2056
Pelephone,012_MAYOTTE_ISL,0,2057
Pelephone,012_MCP NORWAY,0,2058
Pelephone,012_MEXICO,0,2059
Pelephone,012_MEXICO_MOBILE,0,2060
Pelephone,012_MICRONESIA,0,2061
Pelephone,012_MOLDAVIA,0,2062
Pelephone,012_MOLDAVIA_MOBILE,0,2063
Pelephone,012_MONACO,0,2064
Pelephone,012_MONACO_MOBILE,0,2065
Pelephone,012_MONGOLIA,0,2066
Pelephone,012_MONTENEGRO,0,2067
Pelephone,012_MONTENEGRO_MOBILE,0,2068
Pelephone,012_MONTSERRAT,0,2069
Pelephone,012_MOROCCO,0,2070
Pelephone,012_MOROCCO_MOBILE,0,2071
Pelephone,012_MOZAMBIQUE,0,2072
Pelephone,012_MYANMAR,0,2073
Pelephone,012_NAMIBIA,0,2074
Pelephone,012_NAMIBIA_MOBILE,0,2075
Pelephone,012_NAURU,0,2076
Pelephone,012_NEPAL,0,2077
Pelephone,012_NEPAL_MOBILE,0,2078
Pelephone,012_NETHERLANDS,0,2081
Pelephone,012_NETHERLANDS_MOBILE,0,2082
Pelephone,012_NETHERLAND_ANTILLES,0,2080
Pelephone,012_NETHERLAND_ANT_MOBIL,0,2079
Pelephone,012_NEW_CALEDONIA,0,2083
Pelephone,012_NEW_ZELAND,0,2084
Pelephone,012_NEW_ZELAND_MOBILE,0,2085
Pelephone,012_NICARAGUA,0,2086
Pelephone,012_NICARAGUA_MOBILE,0,2087
Pelephone,012_NIGER,0,2088
Pelephone,012_NIGERIA,0,2089
Pelephone,012_NIGERIA_MOBILE,0,2090
Pelephone,012_NIUE,0,2091
Pelephone,012_NORFOLKS,0,2092
Pelephone,012_NORWAY,0,2093
Pelephone,012_NORWAY_MOBILE,0,2094
Pelephone,012_OMAN,0,2095
Pelephone,012_OMAN_MOBILE,0,2096
Pelephone,012_PAKISTAN,0,2097
Pelephone,012_PAKISTAN_MOBILE,0,2098
Pelephone,012_PALAU,0,2099
Pelephone,012_PALESTINE,0,2100
Pelephone,012_PANAMA,0,2101
Pelephone,012_PANAMA_MOBILE,0,2102
Pelephone,012_PAPUA_NEW_GUINEA,0,2103
Pelephone,012_PARAGUAY,0,2104
Pelephone,012_PARAGUAY_MOBILE,0,2105
Pelephone,012_PERU,0,2106
Pelephone,012_PERU_MOBILE,0,2107
Pelephone,012_PHILIPPINES,0,2108
Pelephone,012_PHILIPPINES_MOBILE,0,2109
Pelephone,012_POLAND,0,2110
Pelephone,012_POLAND_MOBILE,0,2111
Pelephone,012_PORTUGAL,0,2112
Pelephone,012_PORTUGAL_MOBILE,0,2113
Pelephone,012_PREMIUM,0,3646
Pelephone,012_PUERTO_RICO,0,2114
Pelephone,012_QATAR,0,2115
Pelephone,012_QATAR_MOBILE,0,2116
Pelephone,012_REUNION,0,2117
Pelephone,012_ROMANIA,0,2118
Pelephone,012_ROMANIA_MOBILE,0,2119
Pelephone,012_RUSSIA,0,2120
Pelephone,012_RUSSIA_MOBILE,0,2121
Pelephone,012_RWANDESE_REPUBLIC,0,2122
Pelephone,012_SAINT_HELENA,0,2123
Pelephone,012_SAINT_KITTS,0,2124
Pelephone,012_SAINT_LUCIA,0,2125
Pelephone,012_SAN_MARINO,0,2126
Pelephone,012_SAO_TOME_PRINCE,0,2127
Pelephone,012_SAUDI_ARABIA,0,2128
Pelephone,012_SAUDI_ARABIA_MOBILE,0,2129
Pelephone,012_SEANET_SWEDEN,0,2130
Pelephone,012_SENEGAL,0,2131
Pelephone,012_SENEGAL_MOBILE,0,2132
Pelephone,012_SERBIA,0,2133
Pelephone,012_SERBIA_MOBILE,0,2134
Pelephone,012_SEYCHELLES,0,2135
Pelephone,012_SIERRA_LEONE,0,2136
Pelephone,012_SINGAPORE,0,2137
Pelephone,012_SINGAPORE_MOBILE,0,2138
Pelephone,012_SLOVAK_MOBILE,0,2139
Pelephone,012_SLOVAK_REPUBLIC,0,2140
Pelephone,012_SLOVENIA,0,2141
Pelephone,012_SLOVENIA_MOBILE,0,2142
Pelephone,012_SOLOMON_ISLANDS,0,2143
Pelephone,012_SOMALIA,0,2144
Pelephone,012_SOUTH_AFRICA,0,2145
Pelephone,012_SOUTH_AFRICA_MOBILE,0,2146
Pelephone,012_SOUTH_SUDAN,0,4381
Pelephone,012_SPAIN,0,2147
Pelephone,012_SPAIN_MOBILE,0,2148
Pelephone,012_SRI_LANKA,0,2149
Pelephone,012_SRI_LANKA_MOBILE,0,2150
Pelephone,012_ST_PIERRE_MIQUELON,0,2151
Pelephone,012_ST_VINC_GRENADIES,0,2152
Pelephone,012_SUDAN,0,2153
Pelephone,012_SUDAN_MOBILE,0,2154
Pelephone,012_SURINAME,0,2155
Pelephone,012_SWAZILAND,0,2156
Pelephone,012_SWAZILAND_MOBILE,0,2157
Pelephone,012_SWEDEN,0,2158
Pelephone,012_SWEDEN_MOBILE,0,2159
Pelephone,012_SWITZERLAND,0,2160
Pelephone,012_SWITZERLAND_MOBILE,0,2161
Pelephone,012_SYRIA,0,2162
Pelephone,012_SYRIAN_MOBILE,0,2163
Pelephone,012_TAIWAN,0,2164
Pelephone,012_TAIWAN_MOBILE,0,2165
Pelephone,012_TAJIKISTAN,0,2166
Pelephone,012_TAJIKISTAN_MOBILE,0,2167
Pelephone,012_TANZANIA,0,2168
Pelephone,012_TANZANIA_MOBILE,0,2169
Pelephone,012_THAILAND,0,2170
Pelephone,012_THAILAND_MOBILE,0,2171
Pelephone,012_THURAYA,0,2172
Pelephone,012_TOGOLESE_REPUBLIC,0,2173
Pelephone,012_TOKELAU,0,2174
Pelephone,012_TONGA,0,2175
Pelephone,012_TRINIDAD_MOBILE,0,2176
Pelephone,012_TRINIDAD_TOBAGO,0,2177
Pelephone,012_TUNISIA,0,2178
Pelephone,012_TUNISIA_MOBILE,0,2179
Pelephone,012_TURKEY,0,2180
Pelephone,012_TURKEY_MOBILE,0,2181
Pelephone,012_TURKMENISTAN,0,2182
Pelephone,012_TURKS_CAICOS,0,2183
Pelephone,012_TUVALU,0,2184
Pelephone,012_UGANDA,0,2185
Pelephone,012_UGANDA_MOBILE,0,2186
Pelephone,012_UK,0,2187
Pelephone,012_UKRAINE,0,2189
Pelephone,012_UKRAINE_MOBILE,0,2190
Pelephone,012_UK_MOBILE,0,2188
Pelephone,012_UNITED_EMIRATES,0,2192
Pelephone,012_UNITED_EMIR_MOBILE,0,2191
Pelephone,012_UNITED_STATES,0,2193
Pelephone,012_URUGUAY,0,2194
Pelephone,012_URUGUAY_MOBILE,0,2195
Pelephone,012_US_VIRGIN_ISL.,0,2196
Pelephone,012_UZBEKISTAN,0,2197
Pelephone,012_UZBEKISTAN_MOBILE,0,2198
Pelephone,012_VANUATU,0,2199
Pelephone,012_VENEZUELA,0,2200
Pelephone,012_VENEZUELA_MOBILE,0,2201
Pelephone,012_VIETNAM,0,2202
Pelephone,012_VIETNAM_MOBILE,0,2203
Pelephone,012_VIRGIN_BRITISH ISL.,0,2204
Pelephone,012_WALLIS_FUTUNA,0,2205
Pelephone,012_WESTERN_SAMOA,0,2206
Pelephone,012_YEMEN,0,2207
Pelephone,012_YEMEN_MOBILE,0,2208
Pelephone,012_ZAIRE,0,2209
Pelephone,012_ZAIRE_MOBILE,0,2210
Pelephone,012_ZAMBIA,0,2212
Pelephone,012_ZAMBIA_MOBILE,0,2213
Pelephone,012_ZIMBABWE,0,2214
Pelephone,012_ZIMBABWE_MOBILE,0,2211
Pelephone,013234_Nigeria,0,1141
Pelephone,013251_Ethupia,0,1082
Pelephone,01327_South_Africa,0,1410
Pelephone,013291_Eritrea,0,1044
Pelephone,01333_France,0,1402
Pelephone,013380_Ukraine_Fix,0,1403
Pelephone,01339_Italy,0,1404
Pelephone,01344_England,0,1406
Pelephone,01349_Germany,0,1407
Pelephone,013549_Argentina_Cell,0,1482
Pelephone,01354_Argentina_Land,0,1481
Pelephone,01363_Philippines,0,1083
Pelephone,01366-Thai,0,1
Pelephone,01379_Russia_Cell,0,1405
Pelephone,0137_Russia_Fix,0,1409
Pelephone,01391_India,0,1521
Pelephone,013966_Saudi_Arabia,0,1046
Pelephone,0139771_Nepal,0,1084
Pelephone,013977_Nepal,0,1085
Pelephone,013_AFGHANISTAN,0,3681
Pelephone,013_ALBANIA,0,3682
Pelephone,013_ALBANIA_MOB,0,3921
Pelephone,013_ALGERIA,0,3683
Pelephone,013_AMERICAN_SAMOA,0,3684
Pelephone,013_ANDORRA,0,3685
Pelephone,013_ANDORRA_MOB,0,3922
Pelephone,013_ANGOLA,0,3686
Pelephone,013_ANGUILLA,0,3687
Pelephone,013_ANTARTICA,0,4682
Pelephone,013_ANTIGUA,0,4683
Pelephone,013_ARGENTINA,0,3688
Pelephone,013_ARGENTINA_MOB,0,3689
Pelephone,013_ARMENIA,0,3690
Pelephone,013_ARMENIA_MOB,0,3923
Pelephone,013_ARUBA,0,3691
Pelephone,013_ASCENSION,0,3692
Pelephone,013_AUSTRALIA,0,3693
Pelephone,013_AUSTRIA,0,3694
Pelephone,013_AUSTRIA_MOB,0,3924
Pelephone,013_AZERBAIJAN,0,3695
Pelephone,013_BAHAMAS,0,3696
Pelephone,013_BAHRAIN,0,3697
Pelephone,013_BANGLADESH,0,3698
Pelephone,013_BARBADOS,0,3699
Pelephone,013_BELARUS,0,3700
Pelephone,013_BELARUS_INFO,0,3964
Pelephone,013_BELARUS_MOB,0,3925
Pelephone,013_BELGIUM,0,3701
Pelephone,013_BELGIUM_MOB,0,3926
Pelephone,013_BELIZE,0,3702
Pelephone,013_BENIN,0,3703
Pelephone,013_BERMUDA,0,3704
Pelephone,013_BHUTAN,0,3705
Pelephone,013_BOLIVIA,0,3706
Pelephone,013_BOSNIA_HERZEGOVINA,0,3707
Pelephone,013_BOSNIA_MOB,0,3927
Pelephone,013_BOTSWANA,0,3708
Pelephone,013_BRAZIL,0,3709
Pelephone,013_BRITISH_VIRGIN_ISL,0,3710
Pelephone,013_BRUNEI,0,3711
Pelephone,013_BULGARIA,0,3712
Pelephone,013_BULGARIA_MOB,0,3928
Pelephone,013_BURKINA_FASO,0,3713
Pelephone,013_BURUNDI,0,3714
Pelephone,013_CAMBODIA,0,3715
Pelephone,013_CAMEROON,0,3716
Pelephone,013_CANADA,0,3717
Pelephone,013_CAPE_VERDE_ ISL,0,3718
Pelephone,013_CAYMAN_ISLANDS,0,3719
Pelephone,013_CENTRAL_AFRICAN_REP,0,3720
Pelephone,013_CHAD,0,3721
Pelephone,013_CHILE,0,3722
Pelephone,013_CHINA,0,3723
Pelephone,013_COLOMBIA,0,3724
Pelephone,013_COMOROS,0,3725
Pelephone,013_CONGO,0,3726
Pelephone,013_COOK_ISL,0,3727
Pelephone,013_COSTA RICA,0,3728
Pelephone,013_CROATIA,0,3729
Pelephone,013_CROATIA_MOB,0,3929
Pelephone,013_CUBA,0,3730
Pelephone,013_CYPRUS,0,3731
Pelephone,013_CYPRUS_INFO,0,3965
Pelephone,013_CYPRUS_MOB,0,3930
Pelephone,013_CZECH REP,0,3732
Pelephone,013_CZECH REP_MOB,0,3931
Pelephone,013_DEMOCRAT_REP_CONGO,0,3733
Pelephone,013_DENMARK,0,3734
Pelephone,013_DENMARK_MOB,0,3932
Pelephone,013_DIEGO_GARCIA,0,3735
Pelephone,013_DJIBOUTI,0,3736
Pelephone,013_DOMINICA,0,3737
Pelephone,013_DOMINICAN_REP,0,3738
Pelephone,013_EAST TIMOR,0,3739
Pelephone,013_ECUADOR,0,3740
Pelephone,013_EGYPT,0,3741
Pelephone,013_EL SALVADOR,0,3742
Pelephone,013_EQUATORIAL_GUINEA,0,3743
Pelephone,013_ERITREA,0,3744
Pelephone,013_ESTONIA,0,3745
Pelephone,013_ESTONIA_MOB,0,3933
Pelephone,013_ETHIOPIA,0,3746
Pelephone,013_FALKLAND_ISL,0,3747
Pelephone,013_FAROE_ISL,0,3748
Pelephone,013_FIJI ISLANDS,0,3749
Pelephone,013_FINLAND,0,3750
Pelephone,013_FINLAND_MOB,0,3934
Pelephone,013_FRANCE,0,3751
Pelephone,013_FRANCE_MOB,0,3752
Pelephone,013_FRENCH_GUIANA,0,3753
Pelephone,013_FRENCH_POLYNES,0,3754
Pelephone,013_GABON,0,3755
Pelephone,013_GAMBIA,0,3756
Pelephone,013_GEORGIA,0,3757
Pelephone,013_GEORGIA_MOB,0,3935
Pelephone,013_GERMANY,0,3758
Pelephone,013_GERMANY_MOB,0,3759
Pelephone,013_GHANA,0,3760
Pelephone,013_GIBRALTAR,0,3761
Pelephone,013_GIBRALTAR_MOB,0,3936
Pelephone,013_GREECE,0,3762
Pelephone,013_GREECE_MOB,0,3937
Pelephone,013_GREENLAND,0,3763
Pelephone,013_GREENLAND_MOB,0,3938
Pelephone,013_GRENADA,0,3764
Pelephone,013_GUADELOUPE,0,3765
Pelephone,013_GUAM,0,3766
Pelephone,013_GUATEMALA,0,3767
Pelephone,013_GUINEA,0,3768
Pelephone,013_GUINEA_BISSAU,0,4681
Pelephone,013_GUYANA,0,3769
Pelephone,013_HAITI,0,3770
Pelephone,013_HONDURAS,0,3771
Pelephone,013_HONG KONG,0,3772
Pelephone,013_HUNGARY,0,3773
Pelephone,013_HUNGARY_MOB,0,3939
Pelephone,013_ICELAND,0,3774
Pelephone,013_ICELAND_MOB,0,3940
Pelephone,013_INDIA,0,3775
Pelephone,013_INDONESIA,0,3776
Pelephone,013_INMARSAT_ ATLANTIC,0,3777
Pelephone,013_INMARSAT_PACIFIC,0,3778
Pelephone,013_INMARSAT_SNAC,0,3779
Pelephone,013_INMARSAT_W_ATLAN,0,3780
Pelephone,013_IRAN,0,3781
Pelephone,013_IRAQ,0,3782
Pelephone,013_IRELAND,0,3783
Pelephone,013_IRELAND_MOB,0,3941
Pelephone,013_IRIDIUM_6,0,3784
Pelephone,013_IRIDIUM_7,0,3785
Pelephone,013_ITALY,0,3786
Pelephone,013_ITALY_MOB,0,3787
Pelephone,013_IVORY_COAST,0,3788
Pelephone,013_JAMAICA,0,3789
Pelephone,013_JAPAN,0,3790
Pelephone,013_JORDAN,0,3791
Pelephone,013_KAZAKHSTAN,0,3792
Pelephone,013_KENYA,0,3793
Pelephone,013_KIRIBATI,0,3794
Pelephone,013_KOREA_SOUTH,0,3795
Pelephone,013_KUWAIT,0,3796
Pelephone,013_KYRGYZSTAN,0,3797
Pelephone,013_LAOS,0,3798
Pelephone,013_LATVIA,0,3799
Pelephone,013_LATVIA_MOB,0,3942
Pelephone,013_LEBANON,0,3800
Pelephone,013_LESOTHO,0,3801
Pelephone,013_LIBERIA,0,3802
Pelephone,013_LIBYA,0,3803
Pelephone,013_LIECHTENSTEIN,0,3804
Pelephone,013_LIECHTENSTEIN_MOB,0,3943
Pelephone,013_LITHUANIA,0,3805
Pelephone,013_LITHUANIA_MOB,0,3944
Pelephone,013_LUXEMBOURG,0,3806
Pelephone,013_LUXEMBOURG_MOB,0,3945
Pelephone,013_MACAO,0,3807
Pelephone,013_MACEDONIA,0,3808
Pelephone,013_MACEDONIA_MOB,0,3946
Pelephone,013_MADAGASCAR,0,3809
Pelephone,013_MALAWI,0,3810
Pelephone,013_MALAYSIA,0,3811
Pelephone,013_MALDIVES,0,3812
Pelephone,013_MALI,0,3813
Pelephone,013_MALTA,0,3814
Pelephone,013_MALTA_MOB,0,3947
Pelephone,013_MARSHALL_ISL,0,3815
Pelephone,013_MARTINIQUE,0,3816
Pelephone,013_MAURITANIA,0,3817
Pelephone,013_MAURITIUS,0,3818
Pelephone,013_MAYOTTE,0,3819
Pelephone,013_MEXICO,0,3820
Pelephone,013_MICRONESIA,0,3821
Pelephone,013_MOLDOVA,0,3822
Pelephone,013_MOLDOVA_MOB,0,3948
Pelephone,013_MONACO,0,3823
Pelephone,013_MONACO_MOB,0,3949
Pelephone,013_MONGOLIA,0,3824
Pelephone,013_MONTENEGRO,0,3825
Pelephone,013_MONTSERRAT,0,3826
Pelephone,013_MOROCCO,0,3827
Pelephone,013_MOZAMBIQUE,0,3828
Pelephone,013_MYANMAR,0,3829
Pelephone,013_NAMIBIA,0,3830
Pelephone,013_NAURU,0,3831
Pelephone,013_NEPAL,0,3832
Pelephone,013_NETHERLANDS,0,3833
Pelephone,013_NETHERLANDS_ANT,0,4684
Pelephone,013_NETHERLANDS_MOB,0,3950
Pelephone,013_NEW_CALEDONIA,0,3834
Pelephone,013_NEW_ZEALAND,0,3835
Pelephone,013_NICARAGUA,0,3836
Pelephone,013_NIGER,0,3837
Pelephone,013_NIGERIA,0,3838
Pelephone,013_NIUE,0,3839
Pelephone,013_NORWAY,0,3840
Pelephone,013_NORWAY_MOB,0,3951
Pelephone,013_OMAN,0,3841
Pelephone,013_PAKISTAN,0,3842
Pelephone,013_PALAU,0,3843
Pelephone,013_PANAMA,0,3844
Pelephone,013_PAPUA_GUINEA,0,3845
Pelephone,013_PARAGUAY,0,3846
Pelephone,013_PERU,0,3847
Pelephone,013_PHILIPPINES,0,3848
Pelephone,013_POLAND,0,3849
Pelephone,013_POLAND_MOB,0,3952
Pelephone,013_PORTUGAL,0,3850
Pelephone,013_PORTUGAL_MOB,0,3953
Pelephone,013_PUERTO_RICO,0,3851
Pelephone,013_Prem_10,0,1221
Pelephone,013_Prem_15,0,1222
Pelephone,013_QATAR,0,3852
Pelephone,013_REUNION_ISL,0,3853
Pelephone,013_ROMANIA,0,3854
Pelephone,013_ROMANIA_GAMING,0,3963
Pelephone,013_ROMANIA_MOB,0,3954
Pelephone,013_RUSSIA,0,3855
Pelephone,013_RUSSIA_MOB,0,3856
Pelephone,013_RWANDA,0,3857
Pelephone,013_SAN MARINO,0,3858
Pelephone,013_SAN MARINO_MOB,0,3955
Pelephone,013_SAO_TOME,0,3859
Pelephone,013_SAUDI_ARABIA,0,3860
Pelephone,013_SENEGAL,0,3861
Pelephone,013_SERBIA,0,3862
Pelephone,013_SERBIA_MOB,0,3956
Pelephone,013_SEYCHELLES,0,3863
Pelephone,013_SIERRA LEONE,0,3864
Pelephone,013_SINGAPORE,0,3865
Pelephone,013_SLOVAKIA,0,3866
Pelephone,013_SLOVAKIA_MOB,0,3957
Pelephone,013_SLOVENIA,0,3867
Pelephone,013_SLOVENIA_MOB,0,3958
Pelephone,013_SOLOMON_ISL,0,3868
Pelephone,013_SOMALIA,0,3869
Pelephone,013_SOMALIA_GAMING,0,3966
Pelephone,013_SOUTH AFRICA,0,3870
Pelephone,013_SOUTH_SUDAN,0,3871
Pelephone,013_SPAIN,0,3872
Pelephone,013_SPAIN_MOB,0,3959
Pelephone,013_SRI LANKA,0,3873
Pelephone,013_ST HELENA,0,3874
Pelephone,013_ST_KITTS_NEVIS,0,3875
Pelephone,013_ST_LUCIA,0,3876
Pelephone,013_ST_PIERRE_MIQUEL,0,3877
Pelephone,013_ST_VINCENT_GRENAD,0,3878
Pelephone,013_SUDAN,0,3879
Pelephone,013_SURINAME,0,3880
Pelephone,013_SWAZILAND,0,3881
Pelephone,013_SWEDEN,0,3882
Pelephone,013_SWEDEN_MOB,0,3960
Pelephone,013_SWITZERLAND,0,3883
Pelephone,013_SWITZERLAND_MOB,0,3961
Pelephone,013_SYRIA,0,3884
Pelephone,013_TAIWAN,0,3885
Pelephone,013_TAJIKISTAN,0,3886
Pelephone,013_TANZANIA,0,3887
Pelephone,013_THAILAND,0,3888
Pelephone,013_THURAYA,0,3889
Pelephone,013_TOGO,0,3890
Pelephone,013_TOKELAU,0,3891
Pelephone,013_TONGA_ISL,0,3892
Pelephone,013_TRINIDAD_TOBAGO,0,3893
Pelephone,013_TUNISIA,0,3894
Pelephone,013_TURKEY,0,3895
Pelephone,013_TURKEY_MOB,0,3962
Pelephone,013_TURKMENISTAN,0,3896
Pelephone,013_TURKS_CAICOS_ISL,0,3897
Pelephone,013_TUVALU,0,3898
Pelephone,013_UGANDA,0,3899
Pelephone,013_UK,0,3900
Pelephone,013_UKRAINE,0,3902
Pelephone,013_UKRAINE_MOB,0,3903
Pelephone,013_UK_GAMING,0,3967
Pelephone,013_UK_MOB,0,3901
Pelephone,013_UNITED_ARAB_EMIR,0,3904
Pelephone,013_URUGUAY,0,3905
Pelephone,013_USA,0,3906
Pelephone,013_UZBEKISTAN,0,3907
Pelephone,013_Ukraine_Cell,0,1408
Pelephone,013_VANUATU,0,3908
Pelephone,013_VENEZUELA,0,3909
Pelephone,013_VIETNAM,0,3910
Pelephone,013_VIRGIN_ISL,0,4685
Pelephone,013_WALLIS_FUTUNA,0,3911
Pelephone,013_WESTERN_SAMOA,0,3912
Pelephone,013_YEMEN,0,3913
Pelephone,013_ZAMBIA,0,3914
Pelephone,013_ZIMBABWE,0,3915
Pelephone,14184111,0,2
Pelephone,01420_Egypt,0,1661
Pelephone,014249_Sudan,0,1741
Pelephone,014251_Ethupia,0,1086
Pelephone,01434_Spain_Cell,0,1668
Pelephone,01434_Spain_Fix,0,1667
Pelephone,01439_Italy_Cell,0,1666
Pelephone,01439_Italy_Fix,0,1665
Pelephone,01463_Philippines,0,1087
Pelephone,01466_Thailand,0,1088
Pelephone,014961_Lebanon_Cell,0,1670
Pelephone,014961_Lebanon_Fix,0,1669
Pelephone,014962_Jordan,0,1662
Pelephone,014963_Syria_Cell,0,1672
Pelephone,014963_Syria_Fix,0,1671
Pelephone,014965_Kuwait,0,1663
Pelephone,014966_Saudi_Arab_Cell,0,1674
Pelephone,014966_Saudi_Arab_Fix,0,1673
Pelephone,014977_Nepal,0,1089
Pelephone,014_AFGHANISTAN,0,2821
Pelephone,014_AFGHANISTAN_MOB,0,2822
Pelephone,014_ALASKA,0,2823
Pelephone,014_ALBANIA,0,2824
Pelephone,014_ALBANIA_MOB,0,2825
Pelephone,014_ALGERIA,0,2826
Pelephone,014_ALGERIA_MOB,0,2827
Pelephone,014_AMERICAN_SAMOA,0,2828
Pelephone,014_AMERICAN_SAMOA_MOB,0,2829
Pelephone,014_ANDORRA,0,2830
Pelephone,014_ANDORRA_MOB,0,2831
Pelephone,014_ANGOLA,0,2832
Pelephone,014_ANGOLA_MOB,0,2833
Pelephone,014_ANGUILLA,0,2834
Pelephone,014_ANTIGUA_BARBUDA,0,2835
Pelephone,014_ARGENTINA,0,2836
Pelephone,014_ARGENTINA_MOB,0,2837
Pelephone,014_ARMENIA,0,2838
Pelephone,014_ARMENIA_MOB,0,2839
Pelephone,014_ARUBA,0,2840
Pelephone,014_ASCENSION_ISL,0,2841
Pelephone,014_AUSTRALIA,0,2842
Pelephone,014_AUSTRALIA_OPTUS,0,2844
Pelephone,014_AUSTRALIA_OTHERS,0,2843
Pelephone,014_AUSTRALIA_TELSTRA,0,2845
Pelephone,014_AUSTRIA,0,2846
Pelephone,014_AUSTRIA_A1,0,2847
Pelephone,014_AUSTRIA_A2,0,2848
Pelephone,014_AUSTRIA_A3,0,2849
Pelephone,014_AUSTRIA_A370_2,0,2852
Pelephone,014_AUSTRIA_HUTCHISON,0,2850
Pelephone,014_AUSTRIA_MOB_1,0,2851
Pelephone,014_AUSTRIA_PREM,0,2853
Pelephone,014_AUSTRIA_TELERING,0,2855
Pelephone,014_AUSTRIA_T_MOB,0,2854
Pelephone,014_AZERBAIJAN,0,2856
Pelephone,014_AZERBAIJAN_AZERCELL,0,2858
Pelephone,014_AZERBAIJAN_BAKCELL,0,2859
Pelephone,014_AZERBAIJAN_MOB,0,2857
Pelephone,014_AZERBAJAN_AZERPHONE,0,2860
Pelephone,014_BAHAMAS,0,2861
Pelephone,014_BAHRAIN,0,2862
Pelephone,014_BAHRAIN_MOB,0,2863
Pelephone,014_BANGLADESH,0,2864
Pelephone,014_BARBADOS,0,2865
Pelephone,014_BARBADOS_MOB,0,2866
Pelephone,014_BELARUS,0,2867
Pelephone,014_BELARUS_MOB,0,2868
Pelephone,014_BELARUS_MTS_MOB,0,2869
Pelephone,014_BELARUS_PERSONAL,0,2870
Pelephone,014_BELGIUM,0,2871
Pelephone,014_BELGIUM_MOBISTAR,0,2873
Pelephone,014_BELGIUM_MOB_BASE,0,2872
Pelephone,014_BELGIUM_MOB_OTHERS,0,2874
Pelephone,014_BELGIUM_PROXIMUS,0,2875
Pelephone,014_BELGIUM_TELENET,0,2876
Pelephone,014_BELIZE,0,2877
Pelephone,014_BENIN,0,2878
Pelephone,014_BENIN_MOB,0,2879
Pelephone,014_BERMUDA,0,2880
Pelephone,014_BHUTAN,0,2881
Pelephone,014_BOLIVIA,0,2882
Pelephone,014_BOLIVIA_MOB,0,2883
Pelephone,014_BOSNIA,0,2884
Pelephone,014_BOSNIA_MOB,0,2885
Pelephone,014_BOTSWANA,0,2886
Pelephone,014_BOTSWANA_MOB,0,2887
Pelephone,014_BRAZIL,0,2888
Pelephone,014_BRAZIL_12_CITIES,0,2889
Pelephone,014_BRAZIL_HORIZONTE,0,2890
Pelephone,014_BRAZIL_MOB,0,2891
Pelephone,014_BRAZIL_RIO,0,2892
Pelephone,014_BRAZIL_SAOPAULO,0,2893
Pelephone,014_BRITISH_VIRG_ISL,0,2894
Pelephone,014_BRUNEI_DARUSSALAM,0,2895
Pelephone,014_BRUNEI_MOB,0,2896
Pelephone,014_BULGARIA,0,2897
Pelephone,014_BULGARIA_GLOBUL,0,2900
Pelephone,014_BULGARIA_MOBICOM,0,2901
Pelephone,014_BULGARIA_MOBITEL,0,2902
Pelephone,014_BULGARIA_MOB_BTC,0,2899
Pelephone,014_BULGARIA_WIMAX,0,2898
Pelephone,014_BURKINA_FASO,0,2903
Pelephone,014_BURKINA_FASO_ZAIN,0,2904
Pelephone,014_BURUNDI,0,2905
Pelephone,014_CAMBODIA,0,2906
Pelephone,014_CAMBODIA_MOB,0,2907
Pelephone,014_CAMEROON,0,2908
Pelephone,014_CAMEROON_MOB_MTN,0,2909
Pelephone,014_CAMEROON_MOB_ORANGE,0,2910
Pelephone,014_CAMEROON_SPACE_MOB,0,2911
Pelephone,014_CANADA,0,2912
Pelephone,014_CANADA_HIGH_AREA,0,2913
Pelephone,014_CANADA_MONTREAL,0,2914
Pelephone,014_CANADA_TORONTO,0,2915
Pelephone,014_CAPE_VERDE,0,2916
Pelephone,014_CAYMAN,0,2917
Pelephone,014_CENTRAL_AFRICA,0,2918
Pelephone,014_CENTRAL_AFRICA_MOB,0,2919
Pelephone,014_CENTRAL_AFRICA_MOB2,0,2920
Pelephone,014_CENTRAL_AFRICA_MOB4,0,2921
Pelephone,014_CHAD,0,2922
Pelephone,014_CHAD_MOB,0,2923
Pelephone,014_CHAD_MOBMILLICOM,0,2925
Pelephone,014_CHAD_MOB_CELTEL,0,2924
Pelephone,014_CHILE,0,2926
Pelephone,014_CHILE_EASTER_ISL,0,2927
Pelephone,014_CHILE_MOB,0,2928
Pelephone,014_CHILE_SPECIAL,0,2929
Pelephone,014_CHINA,0,2930
Pelephone,014_CHINA_MOB,0,2931
Pelephone,014_COLOMBIA,0,2932
Pelephone,014_COLOMBIA_MOB,0,2933
Pelephone,014_COMOROS,0,2934
Pelephone,014_CONGO_BRAZZAV,0,2935
Pelephone,014_CONGO_MOB_VODACOM,0,2955
Pelephone,014_CONGO_REP,0,2936
Pelephone,014_CONGO_REP_CELTEL,0,2938
Pelephone,014_CONGO_REP_MOB,0,2937
Pelephone,014_CONGO_REP_MOB1,0,2939
Pelephone,014_CONGO_REP_MOB2,0,2940
Pelephone,014_COOK_ISLANDS,0,2941
Pelephone,014_COSTA_RICA,0,2942
Pelephone,014_COSTA_RICA_MOB,0,2943
Pelephone,014_CROATIA,0,2944
Pelephone,014_CROATIA_MOB,0,2945
Pelephone,014_CUBA,0,2946
Pelephone,014_CYPRUS,0,2947
Pelephone,014_CYPRUS_INFO,0,2948
Pelephone,014_CYPRUS_MOB,0,2949
Pelephone,014_CYPRUS_MO_MTN,0,2950
Pelephone,014_CYPRUS_SPECIAL,0,2951
Pelephone,014_CYPRUS_SPECIALA485,0,2952
Pelephone,014_CZECH,0,2953
Pelephone,014_CZECH_MOB,0,2954
Pelephone,014_DENMARK,0,2956
Pelephone,014_DENMARK_MOB,0,2957
Pelephone,014_DIEGO_GARCIA_INF,0,2958
Pelephone,014_DIEGO_GARCIA_ISL,0,2959
Pelephone,014_DJIBOUTI,0,2960
Pelephone,014_DOMINICA,0,2961
Pelephone,014_DOMINICAN_REPUB,0,2963
Pelephone,014_DOMINICAN_REPUB_MOB,0,2964
Pelephone,014_DOMINICA_MOB,0,2962
Pelephone,014_EAST_TIMOR,0,2965
Pelephone,014_ECUADOR,0,2966
Pelephone,014_ECUADOR_MOB,0,2967
Pelephone,014_ECUADOR_PORTA,0,2968
Pelephone,014_ECUADOR_TELEFONICA,0,2969
Pelephone,014_EGYPT,0,2970
Pelephone,014_EGYPT_ETISALAT,0,2972
Pelephone,014_EGYPT_MOB,0,2971
Pelephone,014_EGYPT_VODAFONE,0,2973
Pelephone,014_EL_SALVADOR,0,2974
Pelephone,014_EL_SALVADOR_MOB,0,2975
Pelephone,014_EQUATORIAL_GUIN,0,2976
Pelephone,014_EQUATORIAL_GUIN_MOB,0,2977
Pelephone,014_ERITREA,0,2978
Pelephone,014_ESTONIA,0,2979
Pelephone,014_ESTONIA_MOB,0,2980
Pelephone,014_ESTONIA_PERSONAL,0,2981
Pelephone,014_ETHIOPIA,0,2982
Pelephone,014_ETHIOPIA_MOB,0,2983
Pelephone,014_ETHIOPIA_MOB_ADDIS,0,2984
Pelephone,014_FALKLAND_ISLANDS,0,2985
Pelephone,014_FAROE_ISLANDS,0,2986
Pelephone,014_FIJI,0,2987
Pelephone,014_FIJI_MOB,0,2988
Pelephone,014_FINLAND,0,2989
Pelephone,014_FINLAND_ELISA,0,2991
Pelephone,014_FINLAND_OTHERS,0,2990
Pelephone,014_FRANCE,0,2992
Pelephone,014_FRANCE_OTHER,0,2993
Pelephone,014_FRENCH_GUIANA,0,2994
Pelephone,014_FRENCH_POLYNESIA,0,2995
Pelephone,014_GABON,0,2996
Pelephone,014_GABON_MOB,0,2997
Pelephone,014_GAMBIA,0,2998
Pelephone,014_GAMBIA_MOB,0,2999
Pelephone,014_GEORGIA,0,3000
Pelephone,014_GEORGIA_MOB,0,3001
Pelephone,014_GEORGIA_MOB_GEOCELL,0,3002
Pelephone,014_GERMANY,0,3003
Pelephone,014_GERMANY_CIVIL_SERV,0,3010
Pelephone,014_GERMANY_DTAG,0,3006
Pelephone,014_GERMANY_E_PLUS,0,3007
Pelephone,014_GERMANY_INT'L_VPN,0,3005
Pelephone,014_GERMANY_INTEGRATED,0,3004
Pelephone,014_GERMANY_MOB_O2,0,3008
Pelephone,014_GERMANY_SP,0,3011
Pelephone,014_GERMANY_VODAFONE,0,3009
Pelephone,014_GERNANY_T_MOB,0,3012
Pelephone,014_GHANA,0,3013
Pelephone,014_GHANA_AREEBA,0,3015
Pelephone,014_GHANA_MOB,0,3014
Pelephone,014_GIBRALTAR,0,3016
Pelephone,014_GIBRALTAR_MOB,0,3017
Pelephone,014_GREECE,0,3018
Pelephone,014_GREECE_COSMOTE,0,3019
Pelephone,014_GREECE_VODAFONE,0,3020
Pelephone,014_GREECE_WIND,0,3021
Pelephone,014_GREENLAND,0,3022
Pelephone,014_GRENADA,0,3023
Pelephone,014_GRENADA_MOB,0,3024
Pelephone,014_GUADELOUPE,0,3025
Pelephone,014_GUADELOUPE_MOB,0,3026
Pelephone,014_GUAM,0,3027
Pelephone,014_GUATEMALA,0,3028
Pelephone,014_GUATEMALA_MOB,0,3029
Pelephone,014_GUINEA_BISSAU,0,3030
Pelephone,014_GUINEA_REPUBLIC,0,3031
Pelephone,014_GUYANA_BRITISH,0,3032
Pelephone,014_HAITI,0,3033
Pelephone,014_HAITI_COMCEL,0,3034
Pelephone,014_HAITI_DIGICELL,0,3035
Pelephone,014_HAITI_HAITEL,0,3036
Pelephone,014_HAITI_MOB,0,3037
Pelephone,014_HAWAII,0,3038
Pelephone,014_HONDURAS,0,3039
Pelephone,014_HONDURAS_MOB,0,3040
Pelephone,014_HONG_KONG,0,3041
Pelephone,014_HONG_KONG_MOB,0,3042
Pelephone,014_HUNGARY,0,3043
Pelephone,014_HUNGARY_MOB,0,3044
Pelephone,014_HUNGARY_PANNON,0,3045
Pelephone,014_HUNGARY_T_MOB,0,3046
Pelephone,014_HUNGARY_VODAFONE,0,3047
Pelephone,014_ICELAND,0,3048
Pelephone,014_ICELAND_MOB,0,3049
Pelephone,014_ICELAND_ZERO_NINE,0,3050
Pelephone,014_INDIA,0,3051
Pelephone,014_INDIA_MOB,0,3052
Pelephone,014_INDONESIA,0,3053
Pelephone,014_INDONESIA_MOB,0,3054
Pelephone,014_INMARSAT_BGAN_HSD,0,3055
Pelephone,014_INMARSAT_GLOBAL_B,0,3056
Pelephone,014_INMARSAT_GLOBAL_M4,0,3057
Pelephone,014_INMARSAT_GLOBAL_MM,0,3058
Pelephone,014_INMARSAT_SNAC_AERO,0,3059
Pelephone,014_INMARSAT_SNAC_BGAN,0,3061
Pelephone,014_INMARSAT_SNAC_B_HSD,0,3060
Pelephone,014_INMARSAT_SNAC_M,0,3062
Pelephone,014_INTERNATIONAL_NET,0,3386
Pelephone,014_IRAN,0,3063
Pelephone,014_IRAN_MOB,0,3064
Pelephone,014_IRAQ,0,3065
Pelephone,014_IRAQ_FANOOS,0,3066
Pelephone,014_IRAQ_MOB,0,3067
Pelephone,014_IRELAND,0,3068
Pelephone,014_IRELAND_MOB,0,3069
Pelephone,014_ITALY,0,3070
Pelephone,014_ITALY_INTERMATICA,0,3071
Pelephone,014_ITALY_MOB_ELSACOM,0,3072
Pelephone,014_ITALY_MOB_H3G,0,3073
Pelephone,014_ITALY_MOB_RFI,0,3074
Pelephone,014_ITALY_MOB_TIM,0,3075
Pelephone,014_ITALY_MOB_WIND,0,3077
Pelephone,014_ITALY_VODAFONE,0,3076
Pelephone,014_ITALY_VODAFONE_SVCS,0,3078
Pelephone,014_ITALY_WIND_SVCS,0,3079
Pelephone,014_IVORY_COAST,0,3080
Pelephone,014_IVORY_COAST_MOB,0,3081
Pelephone,014_IVORY_COAST_MOOV,0,3083
Pelephone,014_IVORY_COAST_MTN,0,3082
Pelephone,014_IVORY_COAST_ORANGE,0,3084
Pelephone,014_IVORY_COAST_SPACE,0,3085
Pelephone,014_JAMAICA,0,3086
Pelephone,014_JAMAICA_MOB,0,3087
Pelephone,014_JAPAN,0,3088
Pelephone,014_JAPAN_MOB,0,3089
Pelephone,014_JORDAN,0,3090
Pelephone,014_JORDAN_MOB,0,3091
Pelephone,014_KAZAKHSTAN,0,3092
Pelephone,014_KAZAKHSTAN_MOB,0,3093
Pelephone,014_KENYA,0,3094
Pelephone,014_KENYA_MOB,0,3095
Pelephone,014_KIRIBATI,0,3096
Pelephone,014_KUWAIT,0,3097
Pelephone,014_KUWAIT_MOB,0,3098
Pelephone,014_KYRGHYZSTAN,0,3099
Pelephone,014_KYRGHYZSTAN_MOB,0,3100
Pelephone,014_LAOS,0,3101
Pelephone,014_LATVIA,0,3102
Pelephone,014_LATVIA_INFO,0,3103
Pelephone,014_LATVIA_MOB,0,3104
Pelephone,014_LEBANON,0,3105
Pelephone,014_LEBANON_MOB,0,3106
Pelephone,014_LESOTHO,0,3107
Pelephone,014_LIBERIA,0,3108
Pelephone,014_LIBERIA_CELLCOM,0,3110
Pelephone,014_LIBERIA_LONESTAR,0,3111
Pelephone,014_LIBERIA_MOB,0,3109
Pelephone,014_LIBYA,0,3112
Pelephone,014_LIBYA_MOB,0,3113
Pelephone,014_LIECHTENSTEIN,0,3114
Pelephone,014_LIECHTENSTEIN_MOB,0,3115
Pelephone,014_LIECHTENSTEIN_SP,0,3116
Pelephone,014_LITHUANIA,0,3117
Pelephone,014_LITHUANIA_MOB,0,3118
Pelephone,014_LUXEMBOURG,0,3119
Pelephone,014_LUXEMBOURG_MOB,0,3120
Pelephone,014_MACAO,0,3121
Pelephone,014_MACAU_MOB,0,3122
Pelephone,014_MACEDONIA,0,3123
Pelephone,014_MACEDONIA_MOB,0,3124
Pelephone,014_MADAGASCAR,0,3125
Pelephone,014_MADAGASCAR_MOB,0,3126
Pelephone,014_MADGASCAR_MOB2,0,3127
Pelephone,014_MALAWI,0,3128
Pelephone,014_MALAWI_MOB,0,3129
Pelephone,014_MALAYSIA,0,3130
Pelephone,014_MALAYSIA_MOB,0,3131
Pelephone,014_MALDIVES,0,3132
Pelephone,014_MALDIVES_DHIRAAGU,0,3133
Pelephone,014_MALDIVES_INTL_PREM,0,3134
Pelephone,014_MALDIVES_MOB,0,3135
Pelephone,014_MALI,0,3136
Pelephone,014_MALI_MOB_IKATEL,0,3137
Pelephone,014_MALTA,0,3138
Pelephone,014_MALTA_MOB,0,3139
Pelephone,014_MARIANA_ISL,0,3140
Pelephone,014_MARSHALL_ISL,0,3141
Pelephone,014_MARTINIQUE,0,3142
Pelephone,014_MARTINIQUE_MOB,0,3143
Pelephone,014_MAURITANIA,0,3144
Pelephone,014_MAURITIUS,0,3145
Pelephone,014_MAURITIUS_MOB,0,3146
Pelephone,014_MAYOTTE,0,3147
Pelephone,014_MAYOTTE_ISL_MOB,0,3148
Pelephone,014_MEXICO,0,3149
Pelephone,014_MEXICO_MOB,0,3150
Pelephone,014_MICRONESIA,0,3151
Pelephone,014_MOLDOVA,0,3152
Pelephone,014_MOLDOVA_EVENTIS,0,3153
Pelephone,014_MOLDOVA_MOB,0,3154
Pelephone,014_MOLDOVA_MOLDCELL,0,3156
Pelephone,014_MOLDOVA_MOLDTELECOM,0,3155
Pelephone,014_MOLDOVA_ORANGE,0,3157
Pelephone,014_MOLDOVA_PRIDNEST,0,3158
Pelephone,014_MONACO,0,3159
Pelephone,014_MONACO_MOB,0,3160
Pelephone,014_MONGOLIA,0,3161
Pelephone,014_MONGOLIA_MOB,0,3162
Pelephone,014_MONTENEGRO,0,3163
Pelephone,014_MONTENEGRO_MOB,0,3164
Pelephone,014_MONTSERRAT,0,3165
Pelephone,014_MOROCCO,0,3166
Pelephone,014_MOROCCO_MOB,0,3167
Pelephone,014_MOROCCO_MOBILITY,0,3168
Pelephone,014_MOZAMBIGUE_MOB,0,3169
Pelephone,014_MOZAMBIQUE,0,3170
Pelephone,014_MYANMAR,0,3171
Pelephone,014_NAMIBIA,0,3172
Pelephone,014_NAMIBIA_MOB,0,3173
Pelephone,014_NAURU,0,3174
Pelephone,014_NEPAL,0,3175
Pelephone,014_NEPAL_MOB,0,3176
Pelephone,014_NETHERLANDS,0,3177
Pelephone,014_NETHERLANDS_ANTILLES,0,3179
Pelephone,014_NETHERLANDS_ANTILMOB,0,3178
Pelephone,014_NETHERLANDS_MOB,0,3180
Pelephone,014_NEW_CALEDONIA,0,3181
Pelephone,014_NEW_ZEALAND,0,3182
Pelephone,014_NEW_ZEALAND_MOB,0,3183
Pelephone,014_NICARAGUA,0,3184
Pelephone,014_NICARAGUA_BELLSOUTH,0,3185
Pelephone,014_NICARAGUA_MOB,0,3186
Pelephone,014_NIGER,0,3187
Pelephone,014_NIGERIA,0,3190
Pelephone,014_NIGERIA_ECONET,0,3191
Pelephone,014_NIGERIA_MOB,0,3192
Pelephone,014_NIGERIA_MTN,0,3193
Pelephone,014_NIGERIA_NITEL,0,3194
Pelephone,014_NIGER_CELTEL,0,3188
Pelephone,014_NIGER_SPACE,0,3189
Pelephone,014_NIUE,0,3195
Pelephone,014_NORFOLK_ISL,0,3196
Pelephone,014_NORTH_KOREA,0,3197
Pelephone,014_NORTH_KOREA_SPECIAL,0,3198
Pelephone,014_NORWAY,0,3199
Pelephone,014_NORWAY_MOB,0,3200
Pelephone,014_OMAN,0,3201
Pelephone,014_OMAN_MOB,0,3202
Pelephone,014_PAKISTAN,0,3203
Pelephone,014_PAKISTAN_MOB,0,3204
Pelephone,014_PALAU,0,3205
Pelephone,014_PALESTINE,0,3206
Pelephone,014_PALESTINE_MOB,0,3207
Pelephone,014_PALESTINE_WATANIYA,0,3208
Pelephone,014_PALTEL,0,3209
Pelephone,014_PALTEL_MOB,0,3210
Pelephone,014_PANAMA,0,3211
Pelephone,014_PANAMA_MOB,0,3212
Pelephone,014_PAPUA_NEW_GUINEA,0,3213
Pelephone,014_PARAGUAY,0,3214
Pelephone,014_PARAGUAY_MOB,0,3215
Pelephone,014_PERU,0,3216
Pelephone,014_PERU_LIMA_MOB,0,3217
Pelephone,014_PERU_MOB,0,3218
Pelephone,014_PHILIPPINES,0,3219
Pelephone,014_PHILIPPINES_GLOBE,0,3220
Pelephone,014_PHILIPPINES_OTHER,0,3221
Pelephone,014_POLAND,0,3222
Pelephone,014_POLAND_DIRECTORY,0,3223
Pelephone,014_POLAND_MOB,0,3224
Pelephone,014_POLAND_MOB_P4,0,3226
Pelephone,014_POLAND_ORANGE,0,3225
Pelephone,014_POLAND_WARSAW_SP,0,3227
Pelephone,014_PORTUGAL,0,3228
Pelephone,014_PORTUGAL_MOB,0,3229
Pelephone,014_PUERTO_RICO,0,3230
Pelephone,014_QATAR,0,3231
Pelephone,014_QATAR_MOB,0,3232
Pelephone,014_REUNION,0,3233
Pelephone,014_REUNION_MOB,0,3234
Pelephone,014_ROMANIA,0,3235
Pelephone,014_ROMANIA_COSMOTE,0,3236
Pelephone,014_ROMANIA_DIGI_MOB,0,3237
Pelephone,014_ROMANIA_GAMING,0,3238
Pelephone,014_ROMANIA_INFO,0,3239
Pelephone,014_ROMANIA_ROMTELECOM,0,3240
Pelephone,014_ROMANIA_TELEMOBIL,0,3242
Pelephone,014_ROMANIA_VODAFONE,0,3241
Pelephone,014_RUSSIA_GLOBALTEL,0,3243
Pelephone,014_RUSSIA_MOB,0,3244
Pelephone,014_RUSSIA_ZONE_1,0,3245
Pelephone,014_RWANDA,0,3246
Pelephone,014_RWANDA_MTN,0,3247
Pelephone,014_RWANDA_RWANDATEL,0,3248
Pelephone,014_RWANDA__TIGO,0,3249
Pelephone,014_SAINT_HELENA,0,3251
Pelephone,014_SAN_MARINO,0,3252
Pelephone,014_SAO_TOME_PRINCIPE,0,3253
Pelephone,014_SAO_TOME_PRINC_MOB,0,3254
Pelephone,014_SATELITE_ELLIPSO,0,3255
Pelephone,014_SATELITE_IRID_1,0,3256
Pelephone,014_SATELITE_IRID_2,0,3257
Pelephone,014_SATELITE_MCP,0,3258
Pelephone,014_SATELLITE_GLOB,0,3259
Pelephone,014_SATELLITE_THURAYA,0,3260
Pelephone,014_SAUDI_ARABIA,0,3261
Pelephone,014_SAUDI_ARABIA_JAWWAL,0,3264
Pelephone,014_SAUDI_ARABIA_MOBIL,0,3262
Pelephone,014_SAUDI_ARABIA_ZAIN,0,3263
Pelephone,014_SENEGAL,0,3265
Pelephone,014_SENEGAL_MOB,0,3266
Pelephone,014_SENEGAL_MOB_SENTEL,0,3267
Pelephone,014_SERBIA,0,3268
Pelephone,014_SERBIA_MOB,0,3269
Pelephone,014_SEYCHELLES,0,3270
Pelephone,014_SIERRA_LEONE,0,3271
Pelephone,014_SIERRA_LEONE_INFO,0,3272
Pelephone,014_SIERRA_LEONE_MOB,0,3273
Pelephone,014_SINGAPORE,0,3274
Pelephone,014_SINGAPORE_MOB,0,3275
Pelephone,014_SLOVAK,0,3276
Pelephone,014_SLOVAKIA_MOB,0,3280
Pelephone,014_SLOVAK_ORANGE,0,3277
Pelephone,014_SLOVAK_TELEFONICA02,0,3279
Pelephone,014_SLOVAK_T_MOB,0,3278
Pelephone,014_SLOVANIA,0,3281
Pelephone,014_SLOVENIA_IPKO,0,3282
Pelephone,014_SLOVENIA_MOB,0,3283
Pelephone,014_SOLOMON_ISLANDS,0,3285
Pelephone,014_SOLOMON_ISL_SP,0,3284
Pelephone,014_SOMALIA_GAMING,0,3250
Pelephone,014_SOMLIA,0,3286
Pelephone,014_SOUTH_AFRICA,0,3287
Pelephone,014_SOUTH_AFRICA_MOB,0,3288
Pelephone,014_SOUTH_AFRICA_MTN,0,3289
Pelephone,014_SOUTH_AFRICA_VODACOM,0,3290
Pelephone,014_SOUTH_KOREA,0,3291
Pelephone,014_SOUTH_KOREA_MOB,0,3292
Pelephone,014_SOUTH_SUDAN,0,3293
Pelephone,014_SPAIN,0,3294
Pelephone,014_SPAIN_MOB,0,3295
Pelephone,014_SRI_LANKA,0,3296
Pelephone,014_SRI_LANKA_DIALOG,0,3297
Pelephone,014_SRI_LANKA_MOB,0,3298
Pelephone,014_SRI_LANKA_MOBITEL,0,3299
Pelephone,014_ST._PIERREMIQUELON,0,3303
Pelephone,014_ST_KITTS_NEVIS,0,3300
Pelephone,014_ST_LUCIA,0,3301
Pelephone,014_ST_VINCENT_GRENAD,0,3302
Pelephone,014_SUDAN,0,3304
Pelephone,014_SUDAN_MOB,0,3305
Pelephone,014_SURINAME,0,3306
Pelephone,014_SWAZILAND,0,3307
Pelephone,014_SWEDEN,0,3308
Pelephone,014_SWEDEN_COMVIQ,0,3309
Pelephone,014_SWEDEN_HI3G,0,3310
Pelephone,014_SWEDEN_MOB,0,3311
Pelephone,014_SWEDEN_PAGING,0,3313
Pelephone,014_SWEDEN_TELENOR,0,3312
Pelephone,014_SWEDEN_TELIA,0,3314
Pelephone,014_SWITZERLAND,0,3315
Pelephone,014_SWITZERLAND_ORANGE,0,3317
Pelephone,014_SWITZERLAND_OTHER,0,3316
Pelephone,014_SWITZERLAND_SUNRISE,0,3318
Pelephone,014_SWITZERLAND_SWISSCOM,0,3319
Pelephone,014_SYRIA,0,3320
Pelephone,014_SYRIA_MOB,0,3321
Pelephone,014_TAIWAN,0,3322
Pelephone,014_TAIWAN_MOB,0,3323
Pelephone,014_TAJIKISTAN,0,3324
Pelephone,014_TAJIKISTAN_MOB,0,3325
Pelephone,014_TANZANIA,0,3326
Pelephone,014_TANZANIA_MOB,0,3327
Pelephone,014_THAILAND,0,3328
Pelephone,014_THAILAND_MOB,0,3329
Pelephone,014_TOGO,0,3330
Pelephone,014_TOGO_INFO,0,3331
Pelephone,014_TOKEIAU_ISL,0,3332
Pelephone,014_TOKELAU_SPECIAL,0,3333
Pelephone,014_TONGA,0,3334
Pelephone,014_TRINIDAD_TOBAGO,0,3335
Pelephone,014_TUNISIA,0,3336
Pelephone,014_TUNISIA_MOB,0,3337
Pelephone,014_TURKEY,0,3338
Pelephone,014_TURKEY_AVEA,0,3341
Pelephone,014_TURKEY_GLOBALSTAR,0,3342
Pelephone,014_TURKEY_TURKCELL,0,3339
Pelephone,014_TURKEY_VODAFONE,0,3340
Pelephone,014_TURKMENISTAN,0,3343
Pelephone,014_TURKMENISTAN_MOB,0,3344
Pelephone,014_TURKS_CAICOS,0,3345
Pelephone,014_TUVALU,0,3346
Pelephone,014_UGANDA,0,3347
Pelephone,014_UGANDA_MOB,0,3348
Pelephone,014_UGANDA_WARID,0,3349
Pelephone,014_UK,0,3358
Pelephone,014_UKRAINE,0,3350
Pelephone,014_UKRAINE_ASTELITE,0,3352
Pelephone,014_UKRAINE_KIEVSTAR,0,3354
Pelephone,014_UKRAINE_MOB,0,3351
Pelephone,014_UKRAINE_TELECOM,0,3353
Pelephone,014_UKRAINE_UMC,0,3355
Pelephone,014_UK_GAMING,0,3359
Pelephone,014_UK_OTHER,0,3360
Pelephone,014_UNITED_ARAB_EMIR,0,3356
Pelephone,014_UNITED_ARAB_EMIR_MOB,0,3357
Pelephone,014_UNITED_STATES,0,3361
Pelephone,014_URUGUAY,0,3362
Pelephone,014_URUGUAY_MOB,0,3363
Pelephone,014_UZBEKISTAN,0,3364
Pelephone,014_UZBEKISTAN_MOB,0,3365
Pelephone,014_VANUATU,0,3366
Pelephone,014_VATICAN,0,3661
Pelephone,014_VENEZUELA,0,3367
Pelephone,014_VENEZUELA_DIGIT,0,3368
Pelephone,014_VENEZUELA_MOB,0,3369
Pelephone,014_VENEZUELA_MOVILNET,0,3370
Pelephone,014_VIETNAM,0,3371
Pelephone,014_VIETNAM_MOB,0,3372
Pelephone,014_VIETNAM_MOB_GTEL,0,3373
Pelephone,014_VIRGIN_ISL,0,3374
Pelephone,014_WALLIS_FUTUNA,0,3375
Pelephone,014_WALLIS_FUTUNA_MOB,0,3376
Pelephone,014_WESTERN_SAMOA,0,3377
Pelephone,014_YEMEN,0,3378
Pelephone,014_YEMEN_MOB,0,3379
Pelephone,014_ZAMBIA,0,3380
Pelephone,014_ZAMBIA_MOB,0,3381
Pelephone,014_ZIMBABWE,0,3382
Pelephone,014_ZIMBABWE_ECONET,0,3384
Pelephone,014_ZIMBABWE_MOB,0,3383
Pelephone,014_ZIMBABWE_OTHER,0,3385
Pelephone,015_1919,0,4364
Pelephone,015_AFGHANISTAN,0,4041
Pelephone,015_ALASKA,0,4042
Pelephone,015_ALBANIA,0,4043
Pelephone,015_ALBANIA_MOB,0,4044
Pelephone,015_ALGERIA,0,4045
Pelephone,015_AMERICAN_SAMOA,0,4046
Pelephone,015_ANDORRA,0,4047
Pelephone,015_ANGOLA,0,4048
Pelephone,015_ANGUILLA,0,4049
Pelephone,015_ANTIGUA,0,4050
Pelephone,015_ANTIGUA_MOB,0,4051
Pelephone,015_ARGENTINA,0,4052
Pelephone,015_ARGENTINA_MOB,0,4053
Pelephone,015_ARMENIA,0,4054
Pelephone,015_ARUBA,0,4055
Pelephone,015_ASCENSION,0,4056
Pelephone,015_AUSTRALIA,0,4057
Pelephone,015_AUSTRALIA_MOB,0,4058
Pelephone,015_AUSTRIA,0,4059
Pelephone,015_AUSTRIA_MOB,0,4060
Pelephone,015_AZERBAIJAN,0,4061
Pelephone,015_AZERBAIJAN_MOB,0,4062
Pelephone,015_AZURE,0,4063
Pelephone,015_BAHRAIN,0,4064
Pelephone,015_BAHRAIN_MOB,0,4065
Pelephone,015_BANGLADESH,0,4066
Pelephone,015_BANGLADESH_MOB,0,4067
Pelephone,015_BARBADOS,0,4068
Pelephone,015_BELARUS,0,4069
Pelephone,015_BELARUS_MOB,0,4070
Pelephone,015_BELGIUM,0,4071
Pelephone,015_BELGIUM_MOB,0,4072
Pelephone,015_BELIZE,0,4073
Pelephone,015_BELIZE_MOB,0,4074
Pelephone,015_BENIN,0,4075
Pelephone,015_BERMUDA,0,4076
Pelephone,015_BHAMAS,0,4077
Pelephone,015_BHAMAS_MOB,0,4078
Pelephone,015_BISSAU,0,4079
Pelephone,015_BOLIVIA,0,4080
Pelephone,015_BOLIVIA_MOB,0,4081
Pelephone,015_BOSNIA,0,4082
Pelephone,015_BOSNIA_MOB,0,4083
Pelephone,015_BOTSWANA,0,4084
Pelephone,015_BOTSWANA_MOB,0,4085
Pelephone,015_BRAZIL,0,4086
Pelephone,015_BRUNEI,0,4087
Pelephone,015_BULGARIA,0,4088
Pelephone,015_BULGARIA_MOB,0,4089
Pelephone,015_BURKINA_FASO,0,4090
Pelephone,015_BURUNDI,0,4091
Pelephone,015_BUTHAN,0,4092
Pelephone,015_CAMBODIA,0,4093
Pelephone,015_CAMEROON,0,4094
Pelephone,015_CAPE_VERDE,0,4095
Pelephone,015_CAPE_VERDE_MOB,0,4096
Pelephone,015_CAYMAN_ISL,0,4097
Pelephone,015_CENTRAL_AFRICA,0,4098
Pelephone,015_CHAD,0,4099
Pelephone,015_CHILE,0,4100
Pelephone,015_CHINA,0,4101
Pelephone,015_COLOMBIA,0,4102
Pelephone,015_COLOMBIA_MOB,0,4103
Pelephone,015_CONGO_1,0,4104
Pelephone,015_CONGO_2,0,4105
Pelephone,015_COOK_ISL,0,4106
Pelephone,015_COSTA_RICA,0,4107
Pelephone,015_CROATIA,0,4108
Pelephone,015_CROATIA_MOB,0,4109
Pelephone,015_CUBA,0,4110
Pelephone,015_CURACAO,0,4111
Pelephone,015_CYPRUS,0,4112
Pelephone,015_CYPRUS_MOB,0,4113
Pelephone,015_CZECH_REPUBLIC,0,4114
Pelephone,015_CZECH_REPUBLIC_MOB,0,4115
Pelephone,015_DENMARK,0,4116
Pelephone,015_DENMARK_MOB,0,4117
Pelephone,015_DIEGO GARCIA,0,4118
Pelephone,015_DJIBOUTI,0,4119
Pelephone,015_DOMINICA,0,4120
Pelephone,015_DOMINICAN_REP,0,4121
Pelephone,015_EAST_TIMOR,0,4122
Pelephone,015_ECUADOR,0,4123
Pelephone,015_EGYPT,0,4124
Pelephone,015_EGYPT_MOB,0,4125
Pelephone,015_EL_SALVADOR,0,4126
Pelephone,015_EL_SALVADOR_MOB,0,4127
Pelephone,015_EQUATORIAL_GUINEA,0,4128
Pelephone,015_ERITREA,0,4129
Pelephone,015_ESTONIA,0,4130
Pelephone,015_ESTONIA_MOB,0,4131
Pelephone,015_ESTONIA_PREM,0,4132
Pelephone,015_ETHIOPIA,0,4133
Pelephone,015_FALKLAND_ISL,0,4134
Pelephone,015_FAROE_ISL,0,4135
Pelephone,015_FIJI_ISL,0,4136
Pelephone,015_FINLAND,0,4137
Pelephone,015_FINLAND_MOB,0,4138
Pelephone,015_FRANCE,0,4139
Pelephone,015_FRANCE_MOB,0,4140
Pelephone,015_FRENCH_GUINEA,0,4141
Pelephone,015_FRENCH_GUINEA_MOB,0,4142
Pelephone,015_FRENCH_POLYNESIA,0,4143
Pelephone,015_GABON,0,4144
Pelephone,015_GAMBIA,0,4145
Pelephone,015_GAMBIA_MOB,0,4146
Pelephone,015_GEORGIA,0,4147
Pelephone,015_GEORGIA_MOB,0,4148
Pelephone,015_GERMANY,0,4149
Pelephone,015_GERMANY_MOB,0,4150
Pelephone,015_GHANA,0,4151
Pelephone,015_GIBRALTAR,0,4152
Pelephone,015_GIBRALTAR_MOB,0,4153
Pelephone,015_GLOBAL_PERSONAL_NUM,0,4154
Pelephone,015_GRANADE,0,4155
Pelephone,015_GREECE,0,4156
Pelephone,015_GREECE_MOB,0,4157
Pelephone,015_GREENLAND,0,4158
Pelephone,015_GREENLAND_MOB,0,4159
Pelephone,015_GUAM,0,4160
Pelephone,015_GUATEMALA,0,4161
Pelephone,015_GUINEA,0,4162
Pelephone,015_GUINEA_MOB,0,4163
Pelephone,015_GUYANA,0,4164
Pelephone,015_HAITI,0,4165
Pelephone,015_HONDURAS,0,4166
Pelephone,015_HONG_KONG,0,4167
Pelephone,015_HUNGARY,0,4168
Pelephone,015_HUNGARY_MOB,0,4169
Pelephone,015_ICELAND,0,4170
Pelephone,015_ICELAND_MOB,0,4171
Pelephone,015_INDIA,0,4172
Pelephone,015_INDONESIA,0,4173
Pelephone,015_INDONESIA_MOB,0,4174
Pelephone,015_IRAN,0,4175
Pelephone,015_IRAN_MOB,0,4176
Pelephone,015_IRAQ,0,4177
Pelephone,015_IRAQ_MOB,0,4178
Pelephone,015_IRELAND,0,4179
Pelephone,015_IRELAND_MOB,0,4180
Pelephone,015_IRIDIUM,0,4181
Pelephone,015_ITALY,0,4182
Pelephone,015_ITALY_MOB,0,4183
Pelephone,015_IVORY_COAST,0,4184
Pelephone,015_JAMAICA,0,4185
Pelephone,015_JAPAN,0,4186
Pelephone,015_JAPAN_MOB,0,4187
Pelephone,015_JORDAN,0,4188
Pelephone,015_JORDAN_MOB,0,4189
Pelephone,015_KAZAKHSTAN,0,4190
Pelephone,015_KAZAKHSTAN_MOB,0,4191
Pelephone,015_KENYA,0,4192
Pelephone,015_KIRBTI,0,4193
Pelephone,015_KOMOROS_ISL,0,4194
Pelephone,015_KOMOROS_ISL_MOB,0,4195
Pelephone,015_KUWAIT,0,4196
Pelephone,015_KYRGYZSTAN,0,4197
Pelephone,015_KYRGYZSTAN_MOB,0,4198
Pelephone,015_LAOS,0,4199
Pelephone,015_LAOS_MOB,0,4200
Pelephone,015_LATVIA,0,4201
Pelephone,015_LATVIA_MOB,0,4202
Pelephone,015_LEBANON,0,4203
Pelephone,015_LESOTHO,0,4204
Pelephone,015_LIBERIA,0,4205
Pelephone,015_LIBYA,0,4206
Pelephone,015_LICHTENSTEIN,0,4207
Pelephone,015_LIECHTENSTEIN_MOB,0,4208
Pelephone,015_LITHUANIA,0,4209
Pelephone,015_LITHUANIA_MOB,0,4210
Pelephone,015_LUXEMBOURG,0,4211
Pelephone,015_LUXEMBOURG_MOB,0,4212
Pelephone,015_MACAU,0,4213
Pelephone,015_MACAU_MOB,0,4214
Pelephone,015_MACEDONIA,0,4215
Pelephone,015_MACEDONIA_MOB,0,4216
Pelephone,015_MADAGASCAR,0,4217
Pelephone,015_MADAGASCAR_MOB,0,4218
Pelephone,015_MALAWI,0,4219
Pelephone,015_MALAYSIA,0,4220
Pelephone,015_MALAYSIA_MOB,0,4221
Pelephone,015_MALDIVES_ISL,0,4222
Pelephone,015_MALI,0,4223
Pelephone,015_MALTA,0,4224
Pelephone,015_MARIANA_ISL,0,4225
Pelephone,015_MARSHALL_ISL,0,4226
Pelephone,015_MARTINIQUE,0,4227
Pelephone,015_MARTINIQUE_MOB,0,4228
Pelephone,015_MAURITANIA,0,4229
Pelephone,015_MAURITIUS,0,4230
Pelephone,015_MAYOTTE,0,4231
Pelephone,015_MAYOTTE_MOB,0,4232
Pelephone,015_MEXICO,0,4233
Pelephone,015_MEXICO_MOB,0,4234
Pelephone,015_MICRONESIA,0,4235
Pelephone,015_MINMAR,0,4236
Pelephone,015_MOLDOVA,0,4237
Pelephone,015_MONACO,0,4238
Pelephone,015_MONGOLIA,0,4239
Pelephone,015_MONTSERRAT,0,4240
Pelephone,015_MOROCCO,0,4241
Pelephone,015_MOROCCO_MOB,0,4242
Pelephone,015_MOZAMBIQUE,0,4243
Pelephone,015_NAMIBIA,0,4244
Pelephone,015_NAURU,0,4245
Pelephone,015_NEPAL,0,4246
Pelephone,015_NETHERLANDS,0,4247
Pelephone,015_NETHERLANDS_MOB,0,4248
Pelephone,015_NEW_CALEDONIA,0,4249
Pelephone,015_NEW_ZEALAND,0,4250
Pelephone,015_NEW_ZEALAND_MOB,0,4251
Pelephone,015_NICARAGUA,0,4252
Pelephone,015_NIGER,0,4253
Pelephone,015_NIGERIA,0,4254
Pelephone,015_NIUE,0,4255
Pelephone,015_NORFOLK_ISL,0,4256
Pelephone,015_NORTH_KOREA,0,4257
Pelephone,015_NORWAY,0,4258
Pelephone,015_OMAN,0,4259
Pelephone,015_OMAN_MOB,0,4260
Pelephone,015_PAKISTAN,0,4261
Pelephone,015_PAKISTAN_MOB,0,4262
Pelephone,015_PALAU,0,4263
Pelephone,015_PALESTINE,0,4264
Pelephone,015_PANAMA,0,4265
Pelephone,015_PANAMA_MOB,0,4266
Pelephone,015_PAPUA_N_GUINEA,0,4267
Pelephone,015_PARAGUAY,0,4268
Pelephone,015_PARAGUAY_MOB,0,4269
Pelephone,015_PERU,0,4270
Pelephone,015_PHILIPPINES,0,4271
Pelephone,015_POLAND,0,4272
Pelephone,015_POLAND_MOB,0,4273
Pelephone,015_PORTUGAL,0,4274
Pelephone,015_PORTUGAL_MOB,0,4275
Pelephone,015_PRIVATE,0,4276
Pelephone,015_PUERTO_RICO,0,4277
Pelephone,015_QATAR,0,4278
Pelephone,015_REUNION,0,4279
Pelephone,015_ROMANIA,0,4280
Pelephone,015_ROMANIA_MOB,0,4281
Pelephone,015_RUSSIA,0,4282
Pelephone,015_RUSSIA_MOB,0,4283
Pelephone,015_RWANDA,0,4284
Pelephone,015_SAINT_BARTHELEMY,0,4285
Pelephone,015_SAINT_KITTS_NEVIS,0,4286
Pelephone,015_SAINT_PIERRE_MIQUELO,0,4287
Pelephone,015_SAN_MARINO,0,4288
Pelephone,015_SATELLITE_NETWORK,0,4289
Pelephone,015_SAUDI_ARABIA,0,4290
Pelephone,015_SAUDI_ARABIA_MOB,0,4291
Pelephone,015_SENEGAL,0,4292
Pelephone,015_SERBIA,0,4293
Pelephone,015_SERBIA_MONTENEGRO,0,4294
Pelephone,015_SET_HELENA,0,4295
Pelephone,015_SEYCHELLES,0,4296
Pelephone,015_SIERRA_LEONE,0,4297
Pelephone,015_SINGAPORE,0,4298
Pelephone,015_SINGAPORE_MOB,0,4299
Pelephone,015_SLOVAKIA,0,4300
Pelephone,015_SLOVAKIA_MOB,0,4301
Pelephone,015_SLOVENIA,0,4302
Pelephone,015_SLOVENIA_MOB,0,4303
Pelephone,015_SOLOMON_ISL,0,4304
Pelephone,015_SOMALIA,0,4305
Pelephone,015_SOUTH_AFRICA,0,4306
Pelephone,015_SOUTH_AFRICA_MOB,0,4307
Pelephone,015_SOUTH_KOREA,0,4308
Pelephone,015_SOUTH_KOREA_MOB,0,4309
Pelephone,015_SOUTH_SUDAN,0,4310
Pelephone,015_SPAIN,0,4311
Pelephone,015_SPAIN_MOB,0,4312
Pelephone,015_SRI_LANKA,0,4313
Pelephone,015_ST_LUCIA,0,4314
Pelephone,015_ST_THOMAS,0,4315
Pelephone,015_ST_VINCENT,0,4316
Pelephone,015_SUDAN,0,4317
Pelephone,015_SURINAME,0,4318
Pelephone,015_SWAZILAND,0,4319
Pelephone,015_SWEDEN,0,4320
Pelephone,015_SWEDEN_MOB,0,4321
Pelephone,015_SWITZERLAND,0,4322
Pelephone,015_SWITZERLAND_MOB,0,4323
Pelephone,015_SYRIA,0,4324
Pelephone,015_TAIWAN,0,4325
Pelephone,015_TAIWAN_MOB,0,4326
Pelephone,015_TAJIKISTAN,0,4327
Pelephone,015_TANZANIA,0,4328
Pelephone,015_THAILAND,0,4329
Pelephone,015_TOGO,0,4330
Pelephone,015_TOKELAU,0,4331
Pelephone,015_TONGA,0,4332
Pelephone,015_TRINIDAD,0,4333
Pelephone,015_TUNIS,0,4334
Pelephone,015_TURKEY,0,4336
Pelephone,015_TURKEY_MOB,0,4337
Pelephone,015_TURKMENISTAN,0,4338
Pelephone,015_TURK_CAICOS,0,4335
Pelephone,015_TUVALU,0,4339
Pelephone,015_UGANDA,0,4342
Pelephone,015_UK,0,4343
Pelephone,015_UKRAINE,0,4345
Pelephone,015_UK_MOB,0,4344
Pelephone,015_UNITED_ARAB_EMIR,0,4346
Pelephone,015_URUGUAY,0,4347
Pelephone,015_URUGUAY_MOB,0,4348
Pelephone,015_US,0,4340
Pelephone,015_USA_HAWAII,0,4349
Pelephone,015_US_VIRGIN_ISL,0,4341
Pelephone,015_UZBEKISTAN,0,4350
Pelephone,015_UZBEKISTAN_MOB,0,4351
Pelephone,015_VANUATU,0,4352
Pelephone,015_VATICAN,0,4353
Pelephone,015_VENEZUELA,0,4354
Pelephone,015_VENEZUELA_MOB,0,4355
Pelephone,015_VIETNAM,0,4356
Pelephone,015_VIRGIN_ISL,0,4357
Pelephone,015_WALES,0,4358
Pelephone,015_WESTERN_SAMOA,0,4359
Pelephone,015_YEMEN,0,4360
Pelephone,015_YEMEN_MOB,0,4361
Pelephone,015_ZAMBIA,0,4362
Pelephone,015_ZIMBABWE,0,4363
Pelephone,017_AFGHANISTAN,0,4981
Pelephone,017_ALASKA,0,4982
Pelephone,017_ALBANIA,0,4983
Pelephone,017_ALBANIA_MOB,0,4984
Pelephone,017_ALGERIA,1541,5001
Pelephone,017_ALGERIA_MOB,0,5002
Pelephone,017_AMERICAN_SAMOA,1541,5003
Pelephone,017_ANDORRA,1541,5004
Pelephone,017_ANDORRA_MOB,1541,5005
Pelephone,017_ANGOLA,1541,5006
Pelephone,017_ANGOLA_MOB,1541,5007
Pelephone,017_ANGUILLA,1541,5008
Pelephone,017_ANTIGUA_BARB,1541,5009
Pelephone,017_ARGENTINA,1541,5010
Pelephone,017_ARGENTINA_MOB,1541,5011
Pelephone,017_ARMENIA,1541,5012
Pelephone,017_ARMENIA_MOB,1541,5013
Pelephone,017_ARUBA,1541,5014
Pelephone,017_ASCENSION,1541,5015
Pelephone,017_AUSTRALIA,1541,5016
Pelephone,017_AUSTRALIA_MOB,1541,5017
Pelephone,017_AUSTRIA,1541,5018
Pelephone,017_AUSTRIA_MOB,1541,5019
Pelephone,017_AZERBAIJAN,1541,5020
Pelephone,017_AZERBAIJAN_MOB,1541,5021
Pelephone,017_BAHAMAS,1541,5022
Pelephone,017_BAHRAIN,1541,5023
Pelephone,017_BAHRAIN_MOB,1541,5024
Pelephone,017_BANGLADESH,1541,5025
Pelephone,017_BARBADOS,1541,5026
Pelephone,017_BELARUS,1541,5027
Pelephone,017_BELARUS_MOB,1541,5028
Pelephone,017_BELGIUM,1541,5029
Pelephone,017_BELGIUM_MOB,1541,5030
Pelephone,017_BELIZE,1541,5031
Pelephone,017_BELIZE_MOB,1541,5032
Pelephone,017_BENIN,1541,5033
Pelephone,017_BERMUDA,1541,5034
Pelephone,017_BHUTAN,1541,5035
Pelephone,017_BOLIVIA,1541,5036
Pelephone,017_BOLIVIA_MOB,1541,5037
Pelephone,017_BOSNIA_HERZ,1541,5038
Pelephone,017_BOSNIA_HERZ_MO,1541,5039
Pelephone,017_BOTSWANA,1541,5040
Pelephone,017_BOTSWANA_MOB,1541,5041
Pelephone,017_BRAZIL,1541,5042
Pelephone,017_BRAZIL_MOB,1541,5043
Pelephone,017_BRUNEI,1541,5044
Pelephone,017_BULGARIA,1541,5045
Pelephone,017_BULGARIA_MOB,1541,5046
Pelephone,017_BURKINA,1541,5047
Pelephone,017_BURUNDI,1541,5048
Pelephone,017_CAMBODIA,1541,5049
Pelephone,017_CAMEROON,1541,5050
Pelephone,017_CAMEROON_MOB,1541,5051
Pelephone,017_CAPE_VERDE,1541,5052
Pelephone,017_CAYMAN_ISL,1541,5053
Pelephone,017_CENTRAL_AFR_REP,1541,5054
Pelephone,017_CHAD,1541,5055
Pelephone,017_CHILE,1541,5056
Pelephone,017_CHILE_MOB,1541,5057
Pelephone,017_CHINA,1541,5058
Pelephone,017_CHINA_MOB,1541,5059
Pelephone,017_COLOMBIA,0,0
Pelephone,017_COLOMBIA_MOB,0,0
Pelephone,017_COMOROS,1541,5060
Pelephone,017_CONGO_MOB,1541,5062
Pelephone,017_COOK_ISL,1541,5063
Pelephone,017_COSTA_RICA,1541,5064
Pelephone,017_COSTA_RICA_MOB,1541,5065
Pelephone,017_COTE_DIVOIRE,1541,5066
Pelephone,017_COTE_DIVOIRE_MOB,1541,5067
Pelephone,017_CROATIA,1541,5068
Pelephone,017_CROATIA_MOB,1541,5069
Pelephone,017_CUBA,1541,5070
Pelephone,017_CYPRUS,1541,5071
Pelephone,017_CYPRUS_MOB,1541,5072
Pelephone,017_CZECH_REP,1541,5073
Pelephone,017_CZECH_REP_MOB,1541,5074
Pelephone,017_DEM_CONGO,1541,5075
Pelephone,017_DEM_CONGO_MOB,1541,5076
Pelephone,017_DENMARK,1541,5077
Pelephone,017_DENMARK_MOB,1541,5078
Pelephone,017_DIEGO_GARCIA,1541,5079
Pelephone,017_DJIBOUTI,1541,5080
Pelephone,017_DOMINICAN REP,1541,5082
Pelephone,017_DOMINICA_ISL,1541,5081
Pelephone,017_EAST_TIMOR,1541,5083
Pelephone,017_ECUADOR,1541,5084
Pelephone,017_ECUADOR_MOB,1541,5085
Pelephone,017_EGYPT,1541,5086
Pelephone,017_EGYPT_ MOB,1541,5087
Pelephone,017_EL_SALVADOR,1541,5088
Pelephone,017_EL_SALVADOR_MOB,1541,5089
Pelephone,017_EQUATOR_GUINEA,1541,5090
Pelephone,017_ERITREA,1541,5091
Pelephone,017_ERITREA_MOB,1541,5092
Pelephone,017_ESTONIA,1541,5093
Pelephone,017_ESTONIA_MOB,1541,5094
Pelephone,017_ETHIOPIA,1541,5095
Pelephone,017_ETHIOPIA_MOB,1541,5096
Pelephone,017_FAEROE_ISL,1541,5097
Pelephone,017_FIJI_MOB,1541,5100
Pelephone,017_FINLAND_MOB,1541,5102
Pelephone,017_FRANCE,1541,661
Pelephone,017_FRANCE_MOB,1541,1161
Pelephone,017_FRENCH_GUYANA,1541,5105
Pelephone,017_FRENCH_GUYAN_MOB,1541,5106
Pelephone,017_FRENCH_POLINES,1541,5107
Pelephone,017_GABONESE_MOB,1541,5109
Pelephone,017_GABONESE_REP,1541,5108
Pelephone,017_GAMBIA,1541,5110
Pelephone,017_GEORGIA,1541,5111
Pelephone,017_GERMANY,1541,5112
Pelephone,017_GERMANY_MOB,1541,5113
Pelephone,017_GHANA,1541,5114
Pelephone,017_GHANA_MOB,1541,5115
Pelephone,017_GIBRALTAR,1541,5116
Pelephone,017_GIBRALTAR_MOB,1541,5117
Pelephone,017_GLOBALSTAR,1541,5118
Pelephone,017_GREECE,1541,5119
Pelephone,017_GREECE_MOB,1541,5120
Pelephone,017_GREENLAND,1541,5121
Pelephone,017_GRENADA,1541,5122
Pelephone,017_GUADELOUPE,1541,5123
Pelephone,017_GUADELOUPE_MOB,1541,5124
Pelephone,017_GUAM,1541,5125
Pelephone,017_GUATEMALA,1541,5126
Pelephone,017_GUATEMALA_MOB,1541,5127
Pelephone,017_GUINEA,1541,5128
Pelephone,017_GUINEA_BISSAU,1541,5129
Pelephone,017_GUYANA,1541,5130
Pelephone,017_HAITI,1541,5131
Pelephone,017_HONDURAS,1541,5132
Pelephone,017_HONDURAS_MOB,1541,5133
Pelephone,017_HONG_KONG,1541,5134
Pelephone,017_HONG_KONG_MOB,1541,5135
Pelephone,017_HUNGARY,1541,5136
Pelephone,017_HUNGARY_MOB,1541,5137
Pelephone,017_ICELANDS,1541,5138
Pelephone,017_ICELANDS_MOB,1541,5139
Pelephone,017_INDIA,1541,5140
Pelephone,017_INDIA_MOB,1541,5141
Pelephone,017_INDONESIA,1541,5142
Pelephone,017_INDONESIA_MOB,1541,5143
Pelephone,017_INMARSAT,1541,5144
Pelephone,017_INTN_NET_ONAIR,1541,5145
Pelephone,017_IRAN,1541,5146
Pelephone,017_IRAN_MOB,1541,5147
Pelephone,017_IRAQ,1541,5148
Pelephone,017_IRAQ_MOB,1541,5149
Pelephone,017_IRELAND,1541,5150
Pelephone,017_IRELAND_MOB,1541,5151
Pelephone,017_IRIDIUM_1,1541,5152
Pelephone,017_IRIDIUM_2,1541,5153
Pelephone,017_ITALY,1541,5154
Pelephone,017_ITALY_MOB,1541,5155
Pelephone,017_JAMAICA,1541,5156
Pelephone,017_JAMAICA_MOB,1541,5157
Pelephone,017_JAPAN,1541,5158
Pelephone,017_JAPAN_MOB,1541,5159
Pelephone,017_JORDAN,1541,5160
Pelephone,017_JORDAN_MOB,1541,5161
Pelephone,017_KAZAKHSTAN,1541,5162
Pelephone,017_KAZAKHSTAN_MOB,1541,5163
Pelephone,017_KENYA,1541,5164
Pelephone,017_KENYA_MOB,1541,5165
Pelephone,017_KIRIBATI,1541,5166
Pelephone,017_KOREA,1541,5167
Pelephone,017_KOREA_MOB,1541,5168
Pelephone,017_KOREA_NORTH,1541,5169
Pelephone,017_KUWAIT,1541,5170
Pelephone,017_KUWAIT_MOB,1541,5171
Pelephone,017_KYRGYZSTAN,1541,5172
Pelephone,017_KYRGYZSTAN_MOB,1541,5173
Pelephone,017_LAO_PDR,1541,5174
Pelephone,017_LATVIA,1541,5175
Pelephone,017_LATVIA_MOB,1541,5176
Pelephone,017_LEBANON,1541,5177
Pelephone,017_LEBANON_MOB,1541,5178
Pelephone,017_LESOTHO,1541,5179
Pelephone,017_LIBERIA,1541,5180
Pelephone,017_LIBERIA_MOB,1541,5181
Pelephone,017_LIBYA,1541,5182
Pelephone,017_LIBYA_MOB,1541,5183
Pelephone,017_LIECHTENSTEIN,1541,5184
Pelephone,017_LIECHTENSTEIN_MOB,1541,5185
Pelephone,017_LITHUANIA,1541,5186
Pelephone,017_LITHUANIA_MOB,1541,5187
Pelephone,017_LUXEMBURG,1541,5188
Pelephone,017_LUXEMBURG_MOB,1541,5189
Pelephone,017_MACAU,1541,5190
Pelephone,017_MACAU_MOB,1541,5191
Pelephone,017_MACEDONIA,1541,5192
Pelephone,017_MACEDONIA_MOB,1541,5193
Pelephone,017_MADAGASCAR,1541,5194
Pelephone,017_MADAGASCAR_MOB,1541,5195
Pelephone,017_MALAWI,1541,5196
Pelephone,017_MALAWI_MOB,1541,5197
Pelephone,017_MALAYSIA,1541,5198
Pelephone,017_MALAYSIA_MOB,1541,5199
Pelephone,017_MALDIVES,1541,5200
Pelephone,017_MALDIVES_MOB,1541,5201
Pelephone,017_MALI,1541,5202
Pelephone,017_MALI_MOB,1541,5203
Pelephone,017_MALTA,1541,5204
Pelephone,017_MALTA_MOB,1541,5205
Pelephone,017_MARIANA_ISL,1541,5206
Pelephone,017_MARSHALL_ISL,1541,5207
Pelephone,017_MARTINIQUE,1541,5208
Pelephone,017_MARTINIQUE_MOB,1541,5209
Pelephone,017_MAURITANIA,1541,5210
Pelephone,017_MAURITIUS,1541,5211
Pelephone,017_MAYOTTE_ISL,1541,5212
Pelephone,017_MCP_NORWAY,1541,5213
Pelephone,017_MEXICO,1541,5214
Pelephone,017_MEXICO_MOB,1541,5215
Pelephone,017_MICRONESIA,1541,5216
Pelephone,017_MOLDAVIA,1541,5217
Pelephone,017_MOLDAVIA_MOB,1541,5218
Pelephone,017_MONACO,1541,5219
Pelephone,017_MONACO_MOB,1541,5220
Pelephone,017_MONGOLIA,1541,5221
Pelephone,017_MONTENEGRO,1541,5222
Pelephone,017_MONTENEGRO_MOB,1541,5223
Pelephone,017_MONTSERRAT,1541,5224
Pelephone,017_MOROCCO,1541,5225
Pelephone,017_MOROCCO_MOB,1541,5226
Pelephone,017_MOZAMBIQUE,1541,5227
Pelephone,017_MYANMAR,1541,5228
Pelephone,017_NAMIBIA,1541,5229
Pelephone,017_NAMIBIA_MOB,1541,5230
Pelephone,017_NAURU,1541,5231
Pelephone,017_NEPAL,1541,5232
Pelephone,017_NEPAL_MOB,1541,5233
Pelephone,017_NETHERLANDS,1541,5236
Pelephone,017_NETHERLANDS_MOB,1541,5237
Pelephone,017_NETHERLAND_ANT,1541,5234
Pelephone,017_NETHER_ANT_MOB,1541,5235
Pelephone,017_NEW CALEDONIA,1541,5238
Pelephone,017_NEW ZELAND,1541,5239
Pelephone,017_NEW ZELAND_MOB,1541,5240
Pelephone,017_NICARAGUA,1541,5241
Pelephone,017_NICARAGUA_MOB,1541,5242
Pelephone,017_NIGER,1541,5243
Pelephone,017_NIGERIA,1541,5244
Pelephone,017_NIGERIA_MOB,1541,5245
Pelephone,017_NIUE,1541,5246
Pelephone,017_NORFOLKS,1541,5247
Pelephone,017_NORWAY,1541,5248
Pelephone,017_NORWAY_MOB,1541,5249
Pelephone,017_OMAN,1541,5250
Pelephone,017_OMAN_MOB,1541,5251
Pelephone,017_PAKISTAN,1541,5252
Pelephone,017_PAKISTAN_MOB,1541,5253
Pelephone,017_PALAU,1541,5254
Pelephone,017_PALESTINE,1541,5255
Pelephone,017_PANAMA,1541,5256
Pelephone,017_PANAMA_MOB,1541,5257
Pelephone,017_PAPUA_NEW_GUINEA,1541,5258
Pelephone,017_PARAGUAY,1541,5259
Pelephone,017_PARAGUAY_MOB,1541,5260
Pelephone,017_PERU,1541,5261
Pelephone,017_PERU_MOB,1541,5262
Pelephone,017_PHILIPPINES,1541,5263
Pelephone,017_PHILIPPINES_MOB,1541,5264
Pelephone,017_POLAND,1541,5265
Pelephone,017_POLAND_MOB,1541,5266
Pelephone,017_PORTUGAL,1541,5267
Pelephone,017_PORTUGAL_MOB,1541,5268
Pelephone,017_PUERTO_RICO,1541,5269
Pelephone,017_QATAR,1541,5270
Pelephone,017_QATAR_MOB,1541,5271
Pelephone,017_REUNION,1541,5272
Pelephone,017_ROMANIA,1541,5273
Pelephone,017_ROMANIA_MOB,1541,5274
Pelephone,017_RUSSIA,1541,5275
Pelephone,017_RUSSIA_MOB,1541,5276
Pelephone,017_RWANDESE_REP,1541,5277
Pelephone,017_SAINT_HELENA,1541,5278
Pelephone,017_SAINT_KITTS,1541,5279
Pelephone,017_SAINT_LUCIA,1541,5280
Pelephone,017_SAN_MARINO,1541,5281
Pelephone,017_SAO_TOME_PRINCE,1541,5282
Pelephone,017_SAUDI_ARABIA,1541,5283
Pelephone,017_SAUDI_ARABIA_MOB,1541,5284
Pelephone,017_SEANET_SWEDEN,1541,5285
Pelephone,017_SENEGAL,1541,5286
Pelephone,017_SENEGAL_MOB,1541,5287
Pelephone,017_SERBIA,1541,5288
Pelephone,017_SERBIA_MOB,1541,5289
Pelephone,017_SEYCHELLES,1541,5290
Pelephone,017_SIERRA_LEONE,1541,5291
Pelephone,017_SINGAPORE,1541,5292
Pelephone,017_SINGAPORE_MOB,1541,5293
Pelephone,017_SLOVAK REP_MOB,1541,5295
Pelephone,017_SLOVAK_REP,1541,5294
Pelephone,017_SLOVENIA,1541,5296
Pelephone,017_SLOVENIA_MOB,1541,5297
Pelephone,017_SOLOMON_ISL,1541,5298
Pelephone,017_SOMALIA,1541,5299
Pelephone,017_SOUTH_AFRICA,1541,5300
Pelephone,017_SOUTH_AFRICA_MOB,1541,5301
Pelephone,017_SPAIN,1541,5302
Pelephone,017_SPAIN_MOB,1541,5303
Pelephone,017_SRI_LANKA,1541,5304
Pelephone,017_SRI_LANKA_MOB,1541,5305
Pelephone,017_ST. PIERRE_MIQUEL,1541,5306
Pelephone,017_ST.VINCENT_GRENAD,1541,5307
Pelephone,017_SUDAN,1541,5308
Pelephone,017_SUDAN_MOB,1541,5309
Pelephone,017_SURINAME,1541,5310
Pelephone,017_SWAZILAND,1541,5311
Pelephone,017_SWAZILAND_MOB,1541,5312
Pelephone,017_SWEDEN,1541,5313
Pelephone,017_SWEDEN_MOB,1541,5314
Pelephone,017_SWITZERLAND,1541,5315
Pelephone,017_SWITZERLAND_MOB,1541,5316
Pelephone,017_SYRIA,1541,5317
Pelephone,017_SYRIA_MOB,1541,5318
Pelephone,017_TAIWAN,1541,5319
Pelephone,017_TAIWAN_MOB,1541,5320
Pelephone,017_TAJIKISTAN,1541,5321
Pelephone,017_TAJIKISTAN_MOB,1541,5322
Pelephone,017_TANZANIA,1541,5323
Pelephone,017_TANZANIA_MOB,1541,5324
Pelephone,017_THAILAND,1541,5325
Pelephone,017_THAILAND_MOB,1541,5326
Pelephone,017_THURAYA,1541,5327
Pelephone,017_TOGOLESE_REP,1541,5328
Pelephone,017_TOKELAU,1541,5329
Pelephone,017_TONGA,1541,5330
Pelephone,017_TRINIDAD,1541,5331
Pelephone,017_TRINIDAD_MOB,1541,5332
Pelephone,017_TUNISIA,1541,5333
Pelephone,017_TUNISIA_MOB,1541,5334
Pelephone,017_TURKEY,1541,5335
Pelephone,017_TURKEY_MOB,1541,5336
Pelephone,017_TURKMENISTAN,1541,5337
Pelephone,017_TURKS_CAICOS,1541,5338
Pelephone,017_TUVALU,1541,5339
Pelephone,017_UGANDA,0,5340
Pelephone,017_UGANDA_MOB,0,5341
Pelephone,017_UK,1541,5342
Pelephone,017_UKRAINE,1541,5344
Pelephone,017_UKRAINE_MOB,1541,5345
Pelephone,017_UK_MOB,1541,5343
Pelephone,017_UNIT_ARABEMIR_MOB,1541,5347
Pelephone,017_UNIT_ARAB_EMIR,1541,5346
Pelephone,017_URUGUAY,1541,5349
Pelephone,017_URUGUAY_MOB,1541,5350
Pelephone,017_US_CANADA,1541,5348
Pelephone,017_US_VIRGIN_ISL,1541,5351
Pelephone,017_UZBEKISTAN,1541,5352
Pelephone,017_UZBEKISTAN_MOB,1541,5353
Pelephone,017_VANUATU,1541,5354
Pelephone,017_VENEZUELA,1541,5355
Pelephone,017_VENEZUELA_MOB,1541,5356
Pelephone,017_VIETNAM,1541,5357
Pelephone,017_VIETNAM_MOB,1541,5358
Pelephone,017_VIRGIN_BRITISH_ISL,1541,5359
Pelephone,017_WALLIS_FUTUNA,1541,5360
Pelephone,017_WESTERN_SAMOA,1541,5361
Pelephone,017_YEMEN,1541,5362
Pelephone,017_YEMEN_MOB,1541,5363
Pelephone,017_ZAMBIA,1541,5364
Pelephone,017_ZAMBIA_MOB,1541,5365
Pelephone,017_ZIMBABWE,1541,5366
Pelephone,017_ZIMBABWE_MOB,1541,5367
Pelephone,18448888,0,5
Pelephone,01866-Thai,0,6
Pelephone,018_AFGHANISTAN,0,4463
Pelephone,018_ALBANIA,0,4464
Pelephone,018_ALGERIA,0,4465
Pelephone,018_ANGOLA,0,4466
Pelephone,018_ARGENTINA,0,4467
Pelephone,018_ARMENIA,0,4468
Pelephone,018_AUSTRALIA,0,4469
Pelephone,018_AUSTRIA,0,4470
Pelephone,018_BAHRAIN,0,4471
Pelephone,018_BANGLADESH,0,4472
Pelephone,018_BARBADOS,0,4473
Pelephone,018_BELARUS,0,4474
Pelephone,018_BELGIUM,0,4475
Pelephone,018_BELIZE,0,4476
Pelephone,018_BENIN,0,4477
Pelephone,018_BOLIVIA,0,4478
Pelephone,018_BRAZIL,0,4479
Pelephone,018_BRUNEI,0,4480
Pelephone,018_BULGARIA,0,4481
Pelephone,018_BURUNDI,0,4482
Pelephone,018_CAMBODIA,0,4483
Pelephone,018_CAMEROON,0,4484
Pelephone,018_CANADA,0,4485
Pelephone,018_CHILE,0,4486
Pelephone,018_CHINA,0,4487
Pelephone,018_COLUMBIA,0,4488
Pelephone,018_CONGO,0,4489
Pelephone,018_COSTA_RICA,0,4490
Pelephone,018_CROATIA,0,4491
Pelephone,018_CUBA,0,4492
Pelephone,018_CYPRUS,0,4493
Pelephone,018_CZECH_REP,0,4494
Pelephone,018_DENMARK,0,4495
Pelephone,018_DJIBOUTI,0,4496
Pelephone,018_DOMINICA,0,4497
Pelephone,018_ECUADOR,0,4498
Pelephone,018_EGYPT,0,4499
Pelephone,018_EL_SALVADOR,0,4500
Pelephone,018_ERITREA,0,4501
Pelephone,018_ESTONIA,0,4502
Pelephone,018_ETHIOPIA,0,4503
Pelephone,018_FIJI,0,4504
Pelephone,018_FINLAND,0,4505
Pelephone,018_FRANCE,0,4506
Pelephone,018_FRANCE_MOB,0,4507
Pelephone,018_FRENCH_GUIANA,0,4508
Pelephone,018_GAMBIA,0,4509
Pelephone,018_GEORGIA,0,4510
Pelephone,018_GERMANY,0,4511
Pelephone,018_GHANA,0,4512
Pelephone,018_GIBRALTAR,0,4513
Pelephone,018_GREECE,0,4514
Pelephone,018_GREENLAND,0,4515
Pelephone,018_GUADELOUPE,0,4516
Pelephone,018_GUATEMALA,0,4517
Pelephone,018_GUINEA,0,4518
Pelephone,018_GUYANA,0,4519
Pelephone,018_HAITI,0,4520
Pelephone,018_HONDURAS,0,4521
Pelephone,018_HONG_KONG,0,4522
Pelephone,018_HUNGARY,0,4523
Pelephone,018_ICELAND,0,4524
Pelephone,018_INDIA,0,4525
Pelephone,018_INDONESIA,0,4526
Pelephone,018_IRAN,0,4527
Pelephone,018_IRAQ,0,4528
Pelephone,018_IRELAND,0,4529
Pelephone,018_ITALY,0,4530
Pelephone,018_IVORY_COAST,0,4531
Pelephone,018_JAPAN,0,4532
Pelephone,018_JORDAN,0,4533
Pelephone,018_KENYA,0,4534
Pelephone,018_KIRIBATI,0,4535
Pelephone,018_KOREA_NORTH,0,4536
Pelephone,018_KOREA_SOUTH,0,4537
Pelephone,018_KUWAIT,0,4538
Pelephone,018_LAOS,0,4539
Pelephone,018_LATVIA,0,4540
Pelephone,018_LEBANON,0,4541
Pelephone,018_LESOTHO,0,4542
Pelephone,018_LIBERIA,0,4543
Pelephone,018_LIBYA,0,4544
Pelephone,018_LIECHTENSTEIN,0,4545
Pelephone,018_LITHUANIA,0,4546
Pelephone,018_LUXEMBOURG,0,4547
Pelephone,018_MACEDONIA,0,4548
Pelephone,018_MADAGASCAR,0,4549
Pelephone,018_MALAWI,0,4550
Pelephone,018_MALAYSIA,0,4551
Pelephone,018_MALDIVES,0,4552
Pelephone,018_MALTA,0,4553
Pelephone,018_MAURITIUS,0,4554
Pelephone,018_MEXICO,0,4555
Pelephone,018_MOLDOVA,0,4556
Pelephone,018_MONACO,0,4557
Pelephone,018_MONTSERRAT,0,4558
Pelephone,018_MOROCCO,0,4559
Pelephone,018_MYANMAR,0,4560
Pelephone,018_NAMIBIA,0,4561
Pelephone,018_NEPAL,0,4562
Pelephone,018_NETHERLANDS,0,4563
Pelephone,018_NETHERLANDS_ANT,0,4564
Pelephone,018_NEW_CALEDONIA,0,4565
Pelephone,018_NEW_ZEALAND,0,4566
Pelephone,018_NICARAGUA,0,4567
Pelephone,018_NIGER,0,4568
Pelephone,018_NIGERIA,0,4569
Pelephone,018_NORWAY,0,4570
Pelephone,018_OMAN,0,4571
Pelephone,018_PAKISTAN,0,4572
Pelephone,018_PANAMA,0,4573
Pelephone,018_PAPUA_NEW_GUINEA,0,4574
Pelephone,018_PARAGUAY,0,4575
Pelephone,018_PERU,0,4576
Pelephone,018_PHILIPPINES,0,1801
Pelephone,018_POLAND,0,4577
Pelephone,018_PORTUGAL,0,4578
Pelephone,018_QATAR,0,4579
Pelephone,018_ROMANIA,0,4580
Pelephone,018_RUSSIA,0,4581
Pelephone,018_RWANDA,0,4582
Pelephone,018_SAUDI_ARABIA,0,4583
Pelephone,018_SENEGAL,0,4584
Pelephone,018_SERBIA,0,4585
Pelephone,018_SIERRA_LEONE,0,4586
Pelephone,018_SINGAPORE,0,4587
Pelephone,018_SLOVAKIA,0,4588
Pelephone,018_SLOVENIA,0,4589
Pelephone,018_SOUTH_ AFRICA,0,4590
Pelephone,018_SPAIN,0,4591
Pelephone,018_SRI_LANKA,0,4592
Pelephone,018_SUDAN,0,4593
Pelephone,018_SUDAN_SOUTH,0,4594
Pelephone,018_SURINAM,0,4595
Pelephone,018_SWAZILAND,0,4596
Pelephone,018_SWEDEN,0,4597
Pelephone,018_SWITZERLAND,0,4598
Pelephone,018_SYRIA,0,4599
Pelephone,018_TAIWAN,0,4600
Pelephone,018_TAJIKISTAN,0,4601
Pelephone,018_TANZANIA,0,4602
Pelephone,018_THAILAND,0,4603
Pelephone,018_THAILAND_MOB,0,4604
Pelephone,018_TOGO,0,4605
Pelephone,018_TUNISIA,0,4606
Pelephone,018_TURKEY,0,4607
Pelephone,018_TURKMENISTAN,0,4608
Pelephone,018_TURKS_CAICOS,0,4609
Pelephone,018_TUVALU,0,4610
Pelephone,018_UGANDA,0,4611
Pelephone,018_UK,0,4613
Pelephone,018_UKRAINE,0,4612
Pelephone,018_URUGUAY,0,4614
Pelephone,018_USA,0,4615
Pelephone,018_UZBEKISTAN,0,4623
Pelephone,018_VANUATU,0,4617
Pelephone,018_VENEZUELA,0,4618
Pelephone,018_VIETNAM,0,4619
Pelephone,018_ZAIRE,0,4620
Pelephone,018_ZAMBIA,0,4621
Pelephone,018_ZIMBABWE,0,4622
Pelephone,01963_Phil,0,1121
Pelephone,01966_Thailand,0,1101
Pelephone,01986_China,0,1102
Pelephone,019_ NIGERIA,0,3402
Pelephone,019_AFGHANISTAN,0,3401
Pelephone,019_ALBANIA,0,3403
Pelephone,019_ALGERIA,0,3404
Pelephone,019_ANDORRA,0,3405
Pelephone,019_ANGOLA,0,3406
Pelephone,019_ANGUILLA,0,3407
Pelephone,019_ANTARTC_CASEY,0,3408
Pelephone,019_ANTIGUA_BARBUDA,0,3409
Pelephone,019_ARGENTINA,0,3410
Pelephone,019_ARMENIA,0,3411
Pelephone,019_ARUBA,0,3412
Pelephone,019_ASCENSION_ISL,0,3413
Pelephone,019_AUSTRALIA,0,3414
Pelephone,019_AUSTRIA,0,3415
Pelephone,019_AZERBAIJAN,0,3416
Pelephone,019_BAHRAIN,0,3417
Pelephone,019_BANGLADESH,0,3418
Pelephone,019_BARBADOS,0,3419
Pelephone,019_BELARUS,0,3420
Pelephone,019_BELGIUM,0,3421
Pelephone,019_BELIZE,0,3422
Pelephone,019_BENIN,0,3423
Pelephone,019_BERMUDA,0,3424
Pelephone,019_BHUTAN,0,3425
Pelephone,019_BOLIVIA,0,3426
Pelephone,019_BOSNIA_HERZEGOVINA,0,3427
Pelephone,019_BOTSWANA,0,3428
Pelephone,019_BRAZIL,0,3429
Pelephone,019_BRITISH_VIRGIN_ISL,0,3430
Pelephone,019_BRUNEI_DARUSSALAM,0,3431
Pelephone,019_BULGARIA,0,3432
Pelephone,019_BURKINA_FASO,0,3433
Pelephone,019_BURUNDI,0,3434
Pelephone,019_CAMBODIA,0,3435
Pelephone,019_CAMEROON,0,3436
Pelephone,019_CANADA,0,3437
Pelephone,019_CAPE VERDE,0,3438
Pelephone,019_CAYMAN_ISL,0,3439
Pelephone,019_CENTRAL_AFRICAN_REP,0,3440
Pelephone,019_CHAD,0,3441
Pelephone,019_CHILE,0,3442
Pelephone,019_CHINA,0,3443
Pelephone,019_CHRISTMAS_ISL,0,3444
Pelephone,019_COLUMBIA,0,3445
Pelephone,019_COMOROS_MAYOTTE,0,3446
Pelephone,019_CONGO_BRAZAV,0,3447
Pelephone,019_COOK_ISLANDS,0,3448
Pelephone,019_COSTA_RICA,0,3449
Pelephone,019_CROATIA,0,3450
Pelephone,019_CUBA,0,3451
Pelephone,019_CYPRUS,0,3452
Pelephone,019_CYPRUS_PREMIUM,0,3453
Pelephone,019_CZECH_ REP,0,3454
Pelephone,019_DENMARK,0,3455
Pelephone,019_DIEGO_GARCIA,0,3456
Pelephone,019_DJIBOUTI,0,3457
Pelephone,019_DOMINICA,0,3458
Pelephone,019_DOMINICAN_ REP,0,3459
Pelephone,019_EAST TIMOR,0,3460
Pelephone,019_ECUADOR,0,3461
Pelephone,019_EGYPT,0,3462
Pelephone,019_EL SALVADOR,0,3463
Pelephone,019_ERITREA,0,1803
Pelephone,019_ESTONIA,0,3464
Pelephone,019_ETHIOPIA,0,3465
Pelephone,019_FALKLAND_ISLANDS,0,3466
Pelephone,019_FAROE_ISL,0,3467
Pelephone,019_FIJI,0,3468
Pelephone,019_FINLAND,0,3469
Pelephone,019_FRANCE,0,3470
Pelephone,019_FRENCH_POLYNESIA,0,3471
Pelephone,019_GABON,0,3472
Pelephone,019_GAMBIA,0,3473
Pelephone,019_GEORGIA,0,3474
Pelephone,019_GERMANY,0,3475
Pelephone,019_GHANA,0,3476
Pelephone,019_GIBRALTAR,0,3477
Pelephone,019_GREECE,0,3478
Pelephone,019_GREENLAND,0,3479
Pelephone,019_GRENADA,0,3480
Pelephone,019_GUADELOUPE,0,3481
Pelephone,019_GUAM,0,3482
Pelephone,019_GUATEMALA,0,3483
Pelephone,019_GUIANA FRENCH,0,3484
Pelephone,019_GUINEA,0,3485
Pelephone,019_GUINEA EQUATORIAL,0,3486
Pelephone,019_GUINEA_BISSAU,0,3487
Pelephone,019_GUYANA,0,3488
Pelephone,019_HAITI,0,3489
Pelephone,019_HONDURAS,0,3490
Pelephone,019_HONG KONG,0,3491
Pelephone,019_HUNGARY,0,3492
Pelephone,019_ICELAND,0,3493
Pelephone,019_INDIA,0,3494
Pelephone,019_INDONESIA,0,3495
Pelephone,019_INMARSAT,0,3496
Pelephone,019_IRAN,0,3497
Pelephone,019_IRAQ,0,3498
Pelephone,019_IRELAND,0,3499
Pelephone,019_IRIDIUM_881,0,3500
Pelephone,019_ITALY,0,3501
Pelephone,019_IVORY_COAST,0,3502
Pelephone,019_JAMAICA,0,3503
Pelephone,019_JAPAN,0,3504
Pelephone,019_JORDAN,0,3505
Pelephone,019_KAZAKHSTAN,0,3506
Pelephone,019_KENYA,0,3507
Pelephone,019_KIRIBATI,0,3508
Pelephone,019_KOREA_SOUTH,0,3509
Pelephone,019_KUWAIT,0,3510
Pelephone,019_KYRGYZSTAN,0,3511
Pelephone,019_LAOS,0,3512
Pelephone,019_LATVIA,0,3513
Pelephone,019_LEBANON,0,3514
Pelephone,019_LESOTHO,0,3515
Pelephone,019_LIBERIA,0,3516
Pelephone,019_LIBYA,0,3517
Pelephone,019_LIECHTENSTEIN,0,3518
Pelephone,019_LITHUANIA,0,3519
Pelephone,019_LUXEMBOURG,0,3520
Pelephone,019_MACAU,0,3521
Pelephone,019_MACEDONIA,0,3522
Pelephone,019_MADAGASCAR,0,3523
Pelephone,019_MALAWI,0,3524
Pelephone,019_MALAYSIA,0,3525
Pelephone,019_MALDIVES,0,3526
Pelephone,019_MALI,0,3527
Pelephone,019_MALTA,0,3528
Pelephone,019_MARSHALL_ISL,0,3529
Pelephone,019_MARTINIQUE,0,3530
Pelephone,019_MAURITANIA,0,3531
Pelephone,019_MAURITIUS,0,3532
Pelephone,019_MEXICO,0,3533
Pelephone,019_MICRONESIA,0,3534
Pelephone,019_MOLDOVA,0,3535
Pelephone,019_MONACO,0,3536
Pelephone,019_MONGOLIA,0,3537
Pelephone,019_MONTENEGRO,0,3538
Pelephone,019_MONTSERRAT,0,3539
Pelephone,019_MOROCCO,0,3540
Pelephone,019_MOZAMBIQUE,0,3541
Pelephone,019_MYANMAR,0,3542
Pelephone,019_NAMIBIA,0,3543
Pelephone,019_NAURU,0,3544
Pelephone,019_NEPAL,0,3545
Pelephone,019_NETHERLANDS,0,3546
Pelephone,019_NETHERLANDS_ANT,0,3547
Pelephone,019_NEW_CALEDONIA,0,3548
Pelephone,019_NEW_ZEALAND,0,3549
Pelephone,019_NICARAGUA,0,3550
Pelephone,019_NIGER,0,3551
Pelephone,019_NIUE,0,3552
Pelephone,019_NORTHERN_MARIANAS,0,3554
Pelephone,019_NORTH_KOREA,0,3553
Pelephone,019_NORWAY,0,3555
Pelephone,019_OMAN,0,3556
Pelephone,019_PAKISTAN,0,3557
Pelephone,019_PALAU,0,3558
Pelephone,019_PANAMA,0,3559
Pelephone,019_PAPUA_NEW_GUINEA,0,3560
Pelephone,019_PARAGUAY,0,3561
Pelephone,019_PERU,0,3562
Pelephone,019_PHILIPPINES,0,3563
Pelephone,019_PITCAIRN ISL,0,3564
Pelephone,019_POLAND,0,3565
Pelephone,019_PORTUGAL,0,3566
Pelephone,019_PUERTO_RICO,0,3567
Pelephone,019_QATAR,0,3568
Pelephone,019_REUNION,0,3569
Pelephone,019_ROMANIA,0,3570
Pelephone,019_ROMANIA_GAMING,0,3571
Pelephone,019_RUSSIA,0,3572
Pelephone,019_RWANDA,0,3573
Pelephone,019_SAINT_KITTS_NEVIS,0,3574
Pelephone,019_SAINT_PIERREMIQ,0,3575
Pelephone,019_SAINT_VINCENT,0,3576
Pelephone,019_SAMOA_AMERICAN,0,3577
Pelephone,019_SAN_MARINO,0,3578
Pelephone,019_SAO_PRINCIPE,0,3579
Pelephone,019_SAUDI _ARABIA,0,3580
Pelephone,019_SENEGAL,0,3581
Pelephone,019_SERBIA,0,3582
Pelephone,019_SEYCHELLES,0,3583
Pelephone,019_SIERRA_LEONE,0,3584
Pelephone,019_SINGAPORE,0,3585
Pelephone,019_SLOVAKIA,0,3586
Pelephone,019_SLOVENIA,0,3587
Pelephone,019_SOLOMON_ISL,0,3588
Pelephone,019_SOMALIA,0,3589
Pelephone,019_SOUTH_AFRICA,0,3590
Pelephone,019_SOUTH_SUDAN,0,3591
Pelephone,019_SPAIN,0,3592
Pelephone,019_SRI_LANKA,0,3593
Pelephone,019_ST_ HELENA,0,3594
Pelephone,019_ST_ LUCIA,0,3595
Pelephone,019_SUDAN,0,1802
Pelephone,019_SURINAM,0,3596
Pelephone,019_SWAZILAND,0,3597
Pelephone,019_SWEDEN,0,3598
Pelephone,019_SWITZERLAND,0,3599
Pelephone,019_SYRIA,0,3600
Pelephone,019_TAIWAN,0,3601
Pelephone,019_TAJIKISTAN,0,3602
Pelephone,019_TANZANIA,0,3603
Pelephone,019_THAILAND,0,3604
Pelephone,019_THURAYA,0,3605
Pelephone,019_TOGO,0,3606
Pelephone,019_TOKELAU,0,3607
Pelephone,019_TONGA,0,3608
Pelephone,019_TRINIDAD_TUBAGO,0,3609
Pelephone,019_TUNISIA,0,3610
Pelephone,019_TURKEY,0,3611
Pelephone,019_TURKMENISTAN,0,3612
Pelephone,019_TURKS_CAICOS_ISL,0,3613
Pelephone,019_TUVALU,0,3614
Pelephone,019_UGANDA,0,3615
Pelephone,019_UKRAINE,0,3618
Pelephone,019_UK_CELL_4,0,3616
Pelephone,019_UK_CELL_80,0,3617
Pelephone,019_UNITED KINGDOM,0,3619
Pelephone,019_UNITED_ARAB_EMIR,0,3620
Pelephone,019_URUGUAY,0,3621
Pelephone,019_USA,0,3622
Pelephone,019_UZBEKISTAN,0,3623
Pelephone,019_VANUATU,0,3624
Pelephone,019_VATICAN,0,3625
Pelephone,019_VENEZUELA,0,3626
Pelephone,019_VIETNAM,0,1781
Pelephone,019_VIETNAM_PREMIUM,0,3627
Pelephone,019_VIRGIN_ISL,0,3628
Pelephone,019_VOXBONE,0,3629
Pelephone,019_Vietnam,0,1781
Pelephone,019_WALLIS_FUTUNA,0,3630
Pelephone,019_WESTERN_SAMOA,0,3631
Pelephone,019_YEMEN,0,3632
Pelephone,019_ZAIRE,0,3633
Pelephone,019_ZAMBIA,0,3634
Pelephone,019_ZANZIBAR,0,3635
Pelephone,019_ZIMBABWE,0,3636
Pelephone,10TH_017,0,3647
Pelephone,10th012,0,622
Pelephone,10th013,0,601
Pelephone,10th014,0,981
Pelephone,10th019,0,1061
Pelephone,11TH_017,0,3641
Pelephone,11th013,0,602
Pelephone,11th014,0,982
Pelephone,11th018,0,581
Pelephone,11th019,0,1062
Pelephone,123 location premium,0,7
Pelephone,12TH_017,0,3642
Pelephone,1344,0,8
Pelephone,13TH_017,0,3643
Pelephone,1455 clock,0,9
Pelephone,14TH_017,0,3644
Pelephone,15TH_017,0,3645
Pelephone,1700,0,4661
Pelephone,1800,0,105
Pelephone,1900_MINUTE_0.006,0,4942
Pelephone,1900_MINUTE_0.007,0,4943
Pelephone,1900_MINUTE_0.05,1541,5401
Pelephone,1900_MINUTE_0.06,1541,5402
Pelephone,1900_MINUTE_0.07,1541,5403
Pelephone,1900_MINUTE_0.08,1541,5404
Pelephone,1900_MINUTE_0.09,1541,5405
Pelephone,1900_MINUTE_0.10,0,4867
Pelephone,1900_MINUTE_0.11,1541,5406
Pelephone,1900_MINUTE_0.12,1541,5407
Pelephone,1900_MINUTE_0.13,1541,5408
Pelephone,1900_MINUTE_0.15,0,4868
Pelephone,1900_MINUTE_0.18,1541,5409
Pelephone,1900_MINUTE_0.20,0,4869
Pelephone,1900_MINUTE_0.25,0,4870
Pelephone,1900_MINUTE_0.30,0,4871
Pelephone,1900_MINUTE_0.35,1541,5410
Pelephone,1900_MINUTE_0.40,1541,5411
Pelephone,1900_MINUTE_0.49,1541,5412
Pelephone,1900_MINUTE_0.50,0,4872
Pelephone,1900_MINUTE_018,0,4961
Pelephone,1901_MINUTE_0.5,0,4873
Pelephone,1901_MINUTE_018,0,4962
Pelephone,1901_MINUTE_1,0,4874
Pelephone,1901_MINUTE_1.5,0,4875
Pelephone,1901_MINUTE_10,0,4911
Pelephone,1901_MINUTE_11,0,4912
Pelephone,1901_MINUTE_12,0,4886
Pelephone,1901_MINUTE_12.9,0,4887
Pelephone,1901_MINUTE_13,0,4913
Pelephone,1901_MINUTE_14,0,4914
Pelephone,1901_MINUTE_15,0,4915
Pelephone,1901_MINUTE_2,0,4876
Pelephone,1901_MINUTE_2.5,0,4877
Pelephone,1901_MINUTE_20,0,4944
Pelephone,1901_MINUTE_3,0,4878
Pelephone,1901_MINUTE_4,0,4879
Pelephone,1901_MINUTE_5,0,4880
Pelephone,1901_MINUTE_6,0,4881
Pelephone,1901_MINUTE_7,0,4882
Pelephone,1901_MINUTE_8,0,4883
Pelephone,1901_MINUTE_9,0,4884
Pelephone,1901_MINUTE_9.9,0,4885
Pelephone,1901_MIN_0.5_MAX_40,0,4946
Pelephone,1901_MIN_1_MAX_40,0,4902
Pelephone,1901_MIN_2_MAX_10,0,4903
Pelephone,1901_MIN_2_MAX_30,0,4904
Pelephone,1901_MIN_5_MAX_30,0,4905
Pelephone,1902_MINUTE_0.5,0,4888
Pelephone,1902_MINUTE_018,0,4963
Pelephone,1902_MINUTE_1,0,4889
Pelephone,1902_MINUTE_1.5,0,4890
Pelephone,1902_MINUTE_10,0,4917
Pelephone,1902_MINUTE_12,0,4891
Pelephone,1902_MINUTE_12.9,0,4892
Pelephone,1902_MINUTE_13,0,4945
Pelephone,1902_MINUTE_15,0,4918
Pelephone,1902_MINUTE_2,0,4893
Pelephone,1902_MINUTE_2.5,1541,4916
Pelephone,1902_MINUTE_20,0,4919
Pelephone,1902_MINUTE_25,0,4920
Pelephone,1902_MINUTE_3,0,4894
Pelephone,1902_MINUTE_30,0,4921
Pelephone,1902_MINUTE_35,0,4922
Pelephone,1902_MINUTE_4,0,4895
Pelephone,1902_MINUTE_40,0,4923
Pelephone,1902_MINUTE_45,0,4924
Pelephone,1902_MINUTE_5,0,4896
Pelephone,1902_MINUTE_50,0,4925
Pelephone,1902_MINUTE_6,0,4897
Pelephone,1902_MINUTE_7,0,4898
Pelephone,1902_MINUTE_8,0,4899
Pelephone,1902_MINUTE_9,0,4900
Pelephone,1902_MINUTE_9.9,0,4901
Pelephone,1902_MIN_1_MAX_90,0,4906
Pelephone,1902_MIN_2_MAX_60,0,4907
Pelephone,1902_MIN_2_MAX_80,0,4908
Pelephone,1902_MIN_5_MAX_50,0,4947
Pelephone,1st012,0,75
Pelephone,1st013,0,76
Pelephone,1st013_Talk_Cell,0,942
Pelephone,1st013_Talk_Fix,0,941
Pelephone,1st014,0,77
Pelephone,1st016,0,1702
Pelephone,1st017,0,1681
Pelephone,1st018,0,10
Pelephone,1st019,0,1063
Pelephone,1st_Class_VPN,0,748
Pelephone,2nd012,0,80
Pelephone,2nd013,0,81
Pelephone,2nd014,0,82
Pelephone,2nd014_Belgium_Fix,0,1343
Pelephone,2nd014_SP1,0,743
Pelephone,2nd017,0,1682
Pelephone,2nd018,0,11
Pelephone,2nd019,0,1064
Pelephone,3rd012,0,85
Pelephone,3rd013,0,86
Pelephone,3rd013_Ethupia,0,861
Pelephone,3rd014,0,87
Pelephone,3rd014_Belgium,0,1342
Pelephone,3rd014_England,0,745
Pelephone,3rd014_France,0,746
Pelephone,3rd014_Germany,0,747
Pelephone,3rd017,0,1701
Pelephone,3rd018,0,12
Pelephone,3rd019,0,1065
Pelephone,4th012,0,90
Pelephone,4th013,0,961
Pelephone,4th014,0,91
Pelephone,4th017,0,14
Pelephone,4th018,0,15
Pelephone,4th019,0,1066
Pelephone,5th012,0,485
Pelephone,5th013,0,962
Pelephone,5th014,0,92
Pelephone,5th017,0,17
Pelephone,5th018,0,18
Pelephone,5th019,0,1067
Pelephone,6th012,0,486
Pelephone,6th013,0,963
Pelephone,6th014,0,19
Pelephone,6th017,0,21
Pelephone,6th018,0,22
Pelephone,6th019,0,1068
Pelephone,7th012,0,487
Pelephone,7th013,0,964
Pelephone,7th014,0,23
Pelephone,7th017,0,25
Pelephone,7th018,0,26
Pelephone,7th019,0,1069
Pelephone,8th012,0,488
Pelephone,8th013,0,965
Pelephone,8th014,0,27
Pelephone,8th014_Brazil,0,1341
Pelephone,8th014_Ethupia,0,781
Pelephone,8th014_Nepal,0,782
Pelephone,8th017,0,29
Pelephone,8th018,0,30
Pelephone,8th019,0,1070
Pelephone,9th012,0,489
Pelephone,9th013,0,922
Pelephone,9th014,0,31
Pelephone,9th017,0,33
Pelephone,9th018,0,34
Pelephone,9th019,0,1071
Pelephone,Astrology 29,0,35
Pelephone,Astrology50,0,36
Pelephone,Bezeq1,0,94
Pelephone,Bezeq144,0,95
Pelephone,BezeqPremium,0,45
Pelephone,BlockShtil-01266,0,46
Pelephone,Blockshtil-VPN,0,47
Pelephone,Blockshtil_stars,0,1161
Pelephone,Foreign_Discount_2,0,841
Pelephone,Foreigners,0,104
Pelephone,France,1184,0
Pelephone,Free Call Pel,0,1664
Pelephone,FreeCall,97,97
Pelephone,Fundail1,0,48
Pelephone,FundialM,0,49
Pelephone,FundialM_2,0,721
Pelephone,FundialM_3,0,1103
Pelephone,GREECE,682,0
Pelephone,Italy,1185,0
Pelephone,JFC_Free_Calls,0,1281
Pelephone,Jawwal,0,51
Pelephone,Jazz-Premium5,0,52
Pelephone,Jazz_Prem_39,0,4401
Pelephone,Jordan,1262,0
Pelephone,Mapa_Premium_2.5,0,921
Pelephone,Nepal-013977,0,54
Pelephone,Nepal-0139771,0,55
Pelephone,Nepal-VPN,0,56
Pelephone,New Bezeq,0,0
Pelephone,New Cellcom 802,0,0
Pelephone,New Mirs 804,0,0
Pelephone,New Partner 803,0,0
Pelephone,OthersPremium,0,63
Pelephone,PELE_STARS,0,1804
Pelephone,PREM_CALL_0.99,1541,5413
Pelephone,PREM_CALL_1,0,4761
Pelephone,PREM_CALL_1.5,0,4941
Pelephone,PREM_CALL_10,0,4773
Pelephone,PREM_CALL_100,0,4866
Pelephone,PREM_CALL_11,0,4774
Pelephone,PREM_CALL_11.99,1541,5415
Pelephone,PREM_CALL_12,0,4775
Pelephone,PREM_CALL_13,0,4776
Pelephone,PREM_CALL_14,0,4777
Pelephone,PREM_CALL_14.9,0,4778
Pelephone,PREM_CALL_14.99,1541,5416
Pelephone,PREM_CALL_15,0,4779
Pelephone,PREM_CALL_16,0,4780
Pelephone,PREM_CALL_17,0,4781
Pelephone,PREM_CALL_18,0,4782
Pelephone,PREM_CALL_19,0,4783
Pelephone,PREM_CALL_19.9,0,4784
Pelephone,PREM_CALL_2,0,4762
Pelephone,PREM_CALL_2.5,0,4910
Pelephone,PREM_CALL_20,0,4785
Pelephone,PREM_CALL_21,0,4786
Pelephone,PREM_CALL_22,0,4787
Pelephone,PREM_CALL_23,0,4788
Pelephone,PREM_CALL_24,0,4789
Pelephone,PREM_CALL_25,0,4790
Pelephone,PREM_CALL_26,0,4791
Pelephone,PREM_CALL_27,0,4793
Pelephone,PREM_CALL_28,0,4794
Pelephone,PREM_CALL_29,0,4795
Pelephone,PREM_CALL_3,0,4763
Pelephone,PREM_CALL_3.5,0,4764
Pelephone,PREM_CALL_30,0,4796
Pelephone,PREM_CALL_31,0,4797
Pelephone,PREM_CALL_32,0,4798
Pelephone,PREM_CALL_33,0,4799
Pelephone,PREM_CALL_34,0,4800
Pelephone,PREM_CALL_35,0,4801
Pelephone,PREM_CALL_36,0,4802
Pelephone,PREM_CALL_37,0,4803
Pelephone,PREM_CALL_38,0,4804
Pelephone,PREM_CALL_39,0,4805
Pelephone,PREM_CALL_4,0,4765
Pelephone,PREM_CALL_4.5,0,4766
Pelephone,PREM_CALL_40,0,4806
Pelephone,PREM_CALL_41,0,4807
Pelephone,PREM_CALL_42,0,4808
Pelephone,PREM_CALL_43,0,4809
Pelephone,PREM_CALL_44,0,4810
Pelephone,PREM_CALL_45,0,4811
Pelephone,PREM_CALL_46,0,4812
Pelephone,PREM_CALL_47,0,4813
Pelephone,PREM_CALL_48,0,4814
Pelephone,PREM_CALL_49,0,4815
Pelephone,PREM_CALL_49.99,1541,5417
Pelephone,PREM_CALL_5,0,4767
Pelephone,PREM_CALL_5.99,1541,5414
Pelephone,PREM_CALL_50,0,4816
Pelephone,PREM_CALL_51,0,4817
Pelephone,PREM_CALL_52,0,4818
Pelephone,PREM_CALL_53,0,4819
Pelephone,PREM_CALL_54,0,4820
Pelephone,PREM_CALL_55,0,4821
Pelephone,PREM_CALL_56,0,4822
Pelephone,PREM_CALL_57,0,4823
Pelephone,PREM_CALL_58,0,4824
Pelephone,PREM_CALL_59,0,4825
Pelephone,PREM_CALL_6,0,4768
Pelephone,PREM_CALL_60,0,4826
Pelephone,PREM_CALL_61,0,4827
Pelephone,PREM_CALL_62,0,4828
Pelephone,PREM_CALL_63,0,1541
Pelephone,PREM_CALL_64,0,4830
Pelephone,PREM_CALL_65,0,4831
Pelephone,PREM_CALL_66,0,4832
Pelephone,PREM_CALL_67,0,4833
Pelephone,PREM_CALL_68,0,4834
Pelephone,PREM_CALL_69,0,4835
Pelephone,PREM_CALL_7,0,4769
Pelephone,PREM_CALL_70,0,4836
Pelephone,PREM_CALL_71,0,4837
Pelephone,PREM_CALL_72,0,4838
Pelephone,PREM_CALL_73,0,4839
Pelephone,PREM_CALL_74,0,4840
Pelephone,PREM_CALL_75,0,4841
Pelephone,PREM_CALL_76,0,4842
Pelephone,PREM_CALL_77,0,4843
Pelephone,PREM_CALL_78,0,4844
Pelephone,PREM_CALL_79,0,4845
Pelephone,PREM_CALL_8,0,1541
Pelephone,PREM_CALL_80,0,4846
Pelephone,PREM_CALL_81,0,4847
Pelephone,PREM_CALL_82,0,4848
Pelephone,PREM_CALL_83,0,4849
Pelephone,PREM_CALL_84,0,4850
Pelephone,PREM_CALL_85,0,4851
Pelephone,PREM_CALL_86,0,4852
Pelephone,PREM_CALL_87,0,4853
Pelephone,PREM_CALL_88,0,4854
Pelephone,PREM_CALL_89,0,4855
Pelephone,PREM_CALL_9,0,4771
Pelephone,PREM_CALL_9.9,0,4772
Pelephone,PREM_CALL_90,0,4856
Pelephone,PREM_CALL_91,0,4857
Pelephone,PREM_CALL_92,0,4858
Pelephone,PREM_CALL_93,0,4859
Pelephone,PREM_CALL_94,0,4860
Pelephone,PREM_CALL_95,0,4861
Pelephone,PREM_CALL_96,0,4862
Pelephone,PREM_CALL_97,0,4863
Pelephone,PREM_CALL_98,0,4864
Pelephone,PREM_CALL_99,0,4865
Pelephone,Paltel,0,64
Pelephone,Pel-Premium 3.5,0,68
Pelephone,Pel-Premium0.5,0,65
Pelephone,Pel-Premium1,0,1824
Pelephone,Pel-Premium1.99,0,2221
Pelephone,Pel-Premium2.5,0,66
Pelephone,Pel-Premium2.6,0,67
Pelephone,Pel-Premium3.7,0,69
Pelephone,Pel-Premium3.9,0,70
Pelephone,Pel-Premium39,0,621
Pelephone,Pel-Premium4.0,0,71
Pelephone,Pel-Premium4.5,0,72
Pelephone,Pel-Premium4.9,0,73
Pelephone,Pel-Premium5,0,74
Pelephone,Pel-Premium5.9,0,541
Pelephone,Pel-Premium9.9,0,882
Pelephone,Pel_Premium30,0,641
Pelephone,Pele_Stars_Bezeq,0,3982
Pelephone,Pele_Stars_Others,0,3981
Pelephone,Pelephone,701,99
Pelephone,Phil-01363,0,112
Pelephone,Phil-01463,0,113
Pelephone,Phil-VPN,0,115
Pelephone,Portability_Num,0,4001
Pelephone,Premium,0,108
Pelephone,Premium-Pelephone,0,116
Pelephone,Premium049,0,117
Pelephone,Premium20,0,1001
Pelephone,Premium_1901_1,0,1642
Pelephone,Premium_1901_1.5,0,1643
Pelephone,Premium_1901_2,0,1644
Pelephone,Premium_1901_2.5,0,1645
Pelephone,Progeny-Paltel,0,118
Pelephone,ProgenyB,0,100
Pelephone,ProgenyO,0,101
Pelephone,ProgenyP,0,102
Pelephone,RL_Free_Calls_B,0,1361
Pelephone,RL_Free_Calls_Pel,0,1381
Pelephone,RL_Free_Calls_RL,0,1362
Pelephone,Sharon_VPN,0,1561
Pelephone,Shtilman-01466,0,431
Pelephone,Shtilman-VPN,0,430
Pelephone,Shufra_VPN,0,432
Pelephone,Star11_premium0.99,0,433
Pelephone,Swiss,1186,0
Pelephone,Talk_VPN,0,1021
Pelephone,Teletouch premium,0,434
Pelephone,UZBEKISTAN02,0,4616
Pelephone,Vatania,0,862
Pelephone,Voice Bezeq,0,435
Pelephone,Voice Cellcom,0,436
Pelephone,Voice Free Telecom,0,1302
Pelephone,Voice Mirs,0,437
Pelephone,Voice Partner,0,438
Pelephone,Voice Rami Levy,0,1301
Pelephone,Voice_Cellran,0,1421
Pelephone,Voice_Cellular_Israel,0,1501
Pelephone,Voicemail,0,439
Pelephone,test_location_relation,0,4441
RB-tariff-0,Anywhere,119,0
RB-tariff-1,Anywhere,120,0
RB-tariff-10,Anywhere,121,0
RB-tariff-12,Anywhere,1823,0
RB-tariff-15,Anywhere,4022,0
RB-tariff-18,Anywhere,122,0
RB-tariff-2,Anywhere,4026,0
RB-tariff-20,Anywhere,4028,0
RB-tariff-25,Anywhere,4024,0
RB-tariff-30,Anywhere,4023,0
RB-tariff-40,Anywhere,4025,0
RB-tariff-5,Anywhere,123,0
RB-tariff-5.90,Anywhere,4021,0
RB01,Anywhere,124,0
RB02,Anywhere,125,0
RB03,Anywhere,126,0
RB04,Anywhere,127,0
RB05,Anywhere,128,0
RB06,Anywhere,129,0
RB07,Anywhere,130,0
RB08,Anywhere,131,0
RB09,Anywhere,132,0
RB10,Anywhere,133,0
RB11,Anywhere,134,0
RB12,017_CONGO,1541,5061
RB12,Anywhere,135,0
RB13,Anywhere,136,0
RB14,Anywhere,137,0
RB15,Anywhere,138,0
RB18,Anywhere,139,0
RB19,Anywhere,140,0
RB20,Anywhere,141,0
RB21,Anywhere,142,0
RB22,Anywhere,143,0
RB23,Anywhere,144,0
RB24,Anywhere,145,0
RB25,Anywhere,146,0
RB26,Anywhere,147,0
RB27,Anywhere,148,0
RB28,Anywhere,149,0
RB29,Anywhere,150,0
RB30,Anywhere,151,0
RB31,Anywhere,152,0
RB32,Anywhere,153,0
RB33,Anywhere,154,0
RB34,Anywhere,155,0
RB35,Anywhere,156,0
RB36,Anywhere,157,0
RB37,Anywhere,158,0
RB38,Anywhere,159,0
RB39,Anywhere,160,0
RB401000,Anywhere,1581,0
RB401001,Anywhere,1582,0
RB401002,Anywhere,1583,0
RB401003,Anywhere,1585,0
RB401004,Anywhere,1584,0
RB401005,Anywhere,1586,0
RB401006,Anywhere,1587,0
RB401007,Anywhere,1588,0
RB401008,Anywhere,1589,0
RB401009,Anywhere,1590,0
RB401010,Anywhere,1591,0
RB401011,Anywhere,1593,0
RB401012,Anywhere,1592,0
RB401013,Anywhere,1594,0
RB401014,Anywhere,1595,0
RB401015,Anywhere,1596,0
RB401016,Anywhere,1597,0
RB401017,Anywhere,1598,0
RB401018,Anywhere,1599,0
RB401019,Anywhere,1600,0
RB401020,Anywhere,1601,0
RB401021,Anywhere,1602,0
RB401022,Anywhere,1603,0
RB401023,Anywhere,1604,0
RB401024,Anywhere,1605,0
RB401025,Anywhere,1606,0
RB401026,Anywhere,1607,0
RB401027,Anywhere,1608,0
RB401028,Anywhere,1609,0
RB401029,Anywhere,1610,0
RB401030,Anywhere,1611,0
RB401031,Anywhere,1612,0
RB401032,Anywhere,1613,0
RB401033,Anywhere,1614,0
RB401034,Anywhere,1615,0
RB401035,Anywhere,1616,0
RB401036,Anywhere,1617,0
RB401037,Anywhere,1618,0
RB401038,Anywhere,1620,0
RB401039,Anywhere,1621,0
RB401040,Anywhere,1622,0
RB401041,Anywhere,1623,0
RB401042,Anywhere,1625,0
RB401043,Anywhere,1624,0
RB401044,Anywhere,1626,0
RB401045,Anywhere,1627,0
RB401046,Anywhere,1628,0
RB401047,Anywhere,1629,0
RB401048,Anywhere,1630,0
RB401049,Anywhere,1631,0
RB401050,Anywhere,1632,0
RB401051,Anywhere,1633,0
RB401052,Anywhere,1634,0
RB401053,Anywhere,1635,0
RB401054,Anywhere,1636,0
RB401055,Anywhere,1637,0
RB44,Anywhere,161,0
RB45,Anywhere,162,0
RB46,Anywhere,163,0
RB48,Anywhere,164,0
RB49,Anywhere,165,0
RB52,Anywhere,186,0
RB53,Anywhere,197,0
RB54,Anywhere,208,0
RB56,Anywhere,229,0
RB565,Anywhere,230,0
RB569,Anywhere,231,0
RB570,Anywhere,232,0
RB571,Anywhere,233,0
RB572,Anywhere,234,0
RB573,Anywhere,235,0
RB574,Anywhere,236,0
RB580,Anywhere,237,0
RB581,Anywhere,238,0
RB582,Anywhere,239,0
RB590,Anywhere,240,0
RB591,Anywhere,241,0
RB592,Anywhere,242,0
RB593,Anywhere,243,0
RB594,Anywhere,244,0
RB595,Anywhere,245,0
RB596,Anywhere,246,0
RB597,Anywhere,247,0
RB598,Anywhere,248,0
RB599,Anywhere,249,0
RB600,Anywhere,250,0
RB601,Anywhere,251,0
RB602,Anywhere,252,0
RB603,Anywhere,253,0
RB604,Anywhere,254,0
RB605,Anywhere,255,0
RB606,Anywhere,256,0
RB607,Anywhere,257,0
RB608,Anywhere,258,0
RB609,Anywhere,259,0
RB610,Anywhere,260,0
RB611,Anywhere,261,0
RB612,Anywhere,262,0
RB616,Anywhere,263,0
RB621,Anywhere,264,0
RB624,Anywhere,265,0
RB625,Anywhere,266,0
RB626,Anywhere,267,0
RB63,Anywhere,268,0
RB630,Anywhere,269,0
RB631,Anywhere,270,0
RB634,Anywhere,271,0
RB64,Anywhere,272,0
RB640,Anywhere,273,0
RB642,Anywhere,274,0
RB649,Anywhere,275,0
RB65,Anywhere,276,0
RB658,Anywhere,277,0
RB663,Anywhere,461,0
RB668,Anywhere,501,0
RB669,Anywhere,502,0
RB680,Anywhere,562,0
RB681,Anywhere,561,0
RB683,Anywhere,582,0
RB684,Anywhere,583,0
RB687,Anywhere,603,0
RB688,Anywhere,604,0
RB71,Anywhere,278,0
RB72,Anywhere,279,0
RB73,Anywhere,280,0
RB734,Anywhere,881,0
RB74,Anywhere,281,0
RB75,Anywhere,282,0
RB753,Anywhere,4027,0
RB76,Anywhere,283,0
RB77,Anywhere,284,0
RB79,Anywhere,285,0
RB80,Anywhere,286,0
RB84,Anywhere,287,0
RB85,Anywhere,288,0
RB91,Anywhere,289,0
RB94,Anywhere,290,0
RB95,Anywhere,291,0
RB96,Anywhere,292,0
RB97,Anywhere,293,0
RB98,Anywhere,294,0
SK11,Anywhere,303,0
SK22,Anywhere,314,0
SK40,Anywhere,327,0
SK44,Anywhere,328,0
SK55,Anywhere,339,0
SK56,Anywhere,340,0
SK57,Anywhere,341,0
SK58,Anywhere,342,0
SK634,Anywhere,376,0
SK660,Anywhere,386,0
SK670,Anywhere,388,0
SK671,Anywhere,389,0
SK680,Anywhere,390,0
SK681,Anywhere,391,0
SK682,Anywhere,392,0
SK683,Anywhere,393,0
SK684,Anywhere,394,0
SK685,Anywhere,490,0
SK691,Anywhere,395,0
SK692,Anywhere,396,0
SK693,Anywhere,397,0
SK694,Anywhere,398,0
SK695,Anywhere,483,0
SK700,Anywhere,399,0
SKP100,Anywhere,400,0
SKP501,Anywhere,741,0
SKP502,Anywhere,742,0
SKP503,Anywhere,401,0
SKP504,Anywhere,402,0
SKP505,Anywhere,403,0
SKP506,Anywhere,404,0
SKP507,Anywhere,405,0
SKP508,Anywhere,761,0
SKP509,Anywhere,762,0
SKP510,Anywhere,406,0
SKP511,Anywhere,407,0
SKP512,Anywhere,801,0
SKP514,Anywhere,408,0
SKP516,Anywhere,409,0
SKP517,Anywhere,410,0
SKP518,Anywhere,411,0
SKP519,Anywhere,412,0
SKP520,Anywhere,1201,0
SKP533,Anywhere,413,0
SKP534,Anywhere,414,0
SKP535,Anywhere,415,0
SKP561,Anywhere,416,0
SK_0,Anywhere,417,0
SK_0.70,Anywhere,418,0
SK_1.90,Anywhere,1721,0
SK_1.95,Anywhere,503,0
SK_11.90,Anywhere,563,0
SK_12.45,Anywhere,842,0
SK_12.95,Anywhere,828,0
SK_14.90,Anywhere,564,0
SK_19.90,Anywhere,823,0
SK_2.50,Anywhere,419,0
SK_2.90,Anywhere,420,0
SK_2.95,Anywhere,567,0
SK_24.90,Anywhere,824,0
SK_3.45,Anywhere,825,0
SK_3.90,Anywhere,481,0
SK_4.90,Anywhere,421,0
SK_4.95,Anywhere,826,0
SK_5.90,Anywhere,482,0
SK_5.95,Anywhere,565,0
SK_6.90,Anywhere,821,0
SK_7.45,Anywhere,566,0
SK_9.90,Anywhere,822,0
SK_9.95,Anywhere,827,0
SMS_ROAMING,Anywhere,0,683
Swiss,2nd014,0,0
Swiss,Pelephone,0,0
Swiss,Voice Bezeq,0,0
